league,banned_champion,ban_count
AL,Gwen,113
AL,Rumble,108
AL,Fiora,96
AL,Skarner,91
AL,Ivern,90
AL,Vi,81
AL,Varus,79
AL,Taliyah,78
AL,Pantheon,72
AL,Ambessa,69
AL,Aurora,64
AL,Jayce,58
AL,Corki,57
AL,Alistar,52
AL,Braum,50
AL,K'Sante,50
AL,Yone,50
AL,Rell,49
AL,Ezreal,48
AL,Xin Zhao,48
AL,Viktor,45
AL,Kalista,44
AL,Akali,43
AL,Orianna,41
AL,Ahri,37
AL,Naafiri,36
AL,Poppy,36
AL,Sejuani,35
AL,Azir,34
AL,Kai'Sa,34
AL,Mel,34
AL,Maokai,32
AL,Sion,31
AL,Nautilus,30
AL,Nocturne,27
AL,Yorick,27
AL,Jarvan IV,26
AL,Neeko,26
AL,Zyra,26
AL,Wukong,25
AL,Sylas,24
AL,Leona,23
AL,Lillia,23
AL,Rakan,22
AL,Renekton,22
AL,Annie,21
AL,Caitlyn,20
AL,LeBlanc,19
AL,Aatrox,18
AL,Nunu & Willump,17
AL,Ryze,17
AL,Renata Glasc,16
AL,Syndra,16
AL,Gnar,15
AL,Viego,14
AL,Xayah,14
AL,Galio,13
AL,Jhin,13
AL,Sivir,13
AL,Tristana,13
AL,Camille,12
AL,Jax,12
AL,Ornn,12
AL,Trundle,12
AL,Elise,11
AL,Miss Fortune,11
AL,Lulu,10
AL,Draven,9
AL,Jinx,9
AL,Olaf,9
AL,Hwei,8
AL,Udyr,8
AL,Yasuo,8
AL,Cho'Gath,7
AL,Lucian,7
AL,Ashe,6
AL,Gragas,6
AL,Karma,6
AL,Karthus,4
AL,Malphite,4
AL,Thresh,3
AL,Zeri,3
AL,Zoe,3
AL,Aphelios,2
AL,Bard,2
AL,Blitzcrank,2
AL,Brand,2
AL,Irelia,2
AL,Janna,2
AL,Kindred,2
AL,Nami,2
AL,Senna,2
AL,Tryndamere,2
AL,Volibear,2
AL,Zed,2
AL,Amumu,1
AL,Dr. Mundo,1
AL,Kennen,1
AL,Mordekaiser,1
AL,Nidalee,1
AL,Seraphine,1
AL,Shaco,1
AL,Swain,1
AL,Tahm Kench,1
AL,Taric,1
AL,Twitch,1
AL,Vex,1
AL,Ziggs,1
Asia Master,Pantheon,100
Asia Master,Gwen,64
Asia Master,Vi,59
Asia Master,Varus,54
Asia Master,Poppy,49
Asia Master,Ezreal,42
Asia Master,Lucian,36
Asia Master,Taliyah,34
Asia Master,Kalista,33
Asia Master,Neeko,33
Asia Master,Annie,32
Asia Master,Twisted Fate,30
Asia Master,Ryze,28
Asia Master,Azir,27
Asia Master,Nautilus,27
Asia Master,Rumble,27
Asia Master,Xayah,26
Asia Master,Trundle,25
Asia Master,Alistar,22
Asia Master,Rakan,22
Asia Master,Jayce,20
Asia Master,Xin Zhao,19
Asia Master,Ahri,17
Asia Master,Braum,17
Asia Master,Ambessa,15
Asia Master,Lee Sin,15
Asia Master,Aurora,14
Asia Master,Jhin,14
Asia Master,Viego,14
Asia Master,Kai'Sa,13
Asia Master,Jax,12
Asia Master,Sejuani,11
Asia Master,Senna,11
Asia Master,Sion,11
Asia Master,Renata Glasc,9
Asia Master,Miss Fortune,8
Asia Master,Wukong,8
Asia Master,Corki,7
Asia Master,Elise,7
Asia Master,Galio,7
Asia Master,Leona,7
Asia Master,Sivir,7
Asia Master,Yone,7
Asia Master,Aatrox,6
Asia Master,Karma,6
Asia Master,Nocturne,6
Asia Master,Orianna,6
Asia Master,Rell,6
Asia Master,Sylas,6
Asia Master,Rengar,5
Asia Master,Zoe,5
Asia Master,Skarner,4
Asia Master,Viktor,4
Asia Master,Fiora,3
Asia Master,LeBlanc,3
Asia Master,Nidalee,3
Asia Master,Ornn,3
Asia Master,Akali,2
Asia Master,Caitlyn,2
Asia Master,Draven,2
Asia Master,Gnar,2
Asia Master,Naafiri,2
Asia Master,Nami,2
Asia Master,Renekton,2
Asia Master,Smolder,2
Asia Master,Ziggs,2
Asia Master,Aphelios,1
Asia Master,Ashe,1
Asia Master,Irelia,1
Asia Master,K'Sante,1
Asia Master,Kayn,1
Asia Master,Lillia,1
Asia Master,Lulu,1
Asia Master,Maokai,1
Asia Master,Milio,1
Asia Master,Taric,1
Asia Master,Tristana,1
Asia Master,Twitch,1
Asia Master,Yorick,1
Asia Master,Zyra,1
CD,Varus,117
CD,Gwen,97
CD,Kalista,96
CD,Jayce,83
CD,Sejuani,75
CD,Neeko,62
CD,Skarner,59
CD,Aurora,56
CD,Azir,56
CD,Xin Zhao,56
CD,Yone,56
CD,Pantheon,51
CD,Vi,49
CD,Orianna,48
CD,Braum,47
CD,Naafiri,47
CD,Maokai,46
CD,Nocturne,43
CD,Rumble,42
CD,Ezreal,41
CD,Nautilus,41
CD,Taliyah,41
CD,Lucian,38
CD,Ambessa,37
CD,Ahri,36
CD,Alistar,34
CD,Pyke,34
CD,Leona,32
CD,Ashe,31
CD,Wukong,31
CD,Miss Fortune,29
CD,Poppy,29
CD,Rell,29
CD,Sylas,29
CD,Akali,26
CD,Yorick,26
CD,Corki,25
CD,Jax,25
CD,Annie,22
CD,Ivern,22
CD,Senna,21
CD,Vladimir,21
CD,Jhin,20
CD,Kai'Sa,20
CD,Rakan,20
CD,Renekton,19
CD,Karma,18
CD,Ryze,18
CD,Viktor,17
CD,Xayah,16
CD,Gnar,14
CD,Sion,14
CD,Zyra,14
CD,K'Sante,12
CD,Sivir,12
CD,Aatrox,11
CD,Zoe,11
CD,Galio,10
CD,Lillia,10
CD,Swain,10
CD,Trundle,10
CD,Nidalee,9
CD,Olaf,9
CD,Caitlyn,8
CD,Fiora,8
CD,Renata Glasc,8
CD,Darius,7
CD,Irelia,5
CD,Ornn,5
CD,Rengar,5
CD,Bard,4
CD,Camille,4
CD,Draven,4
CD,Hwei,4
CD,Jarvan IV,4
CD,LeBlanc,4
CD,Yunara,4
CD,Jinx,3
CD,Kog'Maw,3
CD,Lulu,3
CD,Smolder,3
CD,Syndra,3
CD,Tristana,3
CD,Yasuo,3
CD,Zed,3
CD,Zeri,3
CD,Akshan,2
CD,Evelynn,2
CD,Nilah,2
CD,Tahm Kench,2
CD,Taric,2
CD,Viego,2
CD,Ziggs,2
CD,Aphelios,1
CD,Brand,1
CD,Cassiopeia,1
CD,Cho'Gath,1
CD,Dr. Mundo,1
CD,Elise,1
CD,Gragas,1
CD,Karthus,1
CD,Kindred,1
CD,Mel,1
CD,Nami,1
CD,Samira,1
CD,Seraphine,1
CD,Twisted Fate,1
CT,Taliyah,37
CT,Pantheon,30
CT,Naafiri,23
CT,Kindred,22
CT,Rumble,22
CT,Rell,17
CT,Vi,16
CT,Gwen,14
CT,Jayce,13
CT,Xin Zhao,13
CT,Zoe,13
CT,Ambessa,12
CT,Hwei,11
CT,Nautilus,10
CT,Yone,10
CT,Ivern,9
CT,Renekton,9
CT,Tristana,9
CT,Mel,8
CT,Orianna,8
CT,Skarner,8
CT,Varus,8
CT,Corki,7
CT,Leona,7
CT,Alistar,6
CT,Braum,6
CT,Gragas,6
CT,Jarvan IV,6
CT,Olaf,6
CT,Sejuani,6
CT,Sylas,6
CT,Wukong,6
CT,Fiora,5
CT,Poppy,5
CT,Senna,5
CT,Syndra,5
CT,Viego,5
CT,Akali,4
CT,Irelia,4
CT,LeBlanc,4
CT,Miss Fortune,4
CT,Aurora,3
CT,Azir,3
CT,Lux,3
CT,Ornn,3
CT,Trundle,3
CT,Viktor,3
CT,Ahri,2
CT,Ashe,2
CT,Bard,2
CT,Bel'Veth,2
CT,Caitlyn,2
CT,Camille,2
CT,Dr. Mundo,2
CT,Ezreal,2
CT,Gnar,2
CT,K'Sante,2
CT,Kai'Sa,2
CT,Lillia,2
CT,Neeko,2
CT,Nocturne,2
CT,Rek'Sai,2
CT,Shen,2
CT,Twitch,2
CT,Vayne,2
CT,Yorick,2
CT,Aatrox,1
CT,Amumu,1
CT,Jax,1
CT,Jhin,1
CT,Jinx,1
CT,Karma,1
CT,Kennen,1
CT,Milio,1
CT,Nidalee,1
CT,Qiyana,1
CT,Rakan,1
CT,Ryze,1
CT,Sett,1
CT,Sivir,1
CT,Smolder,1
CT,Taric,1
CT,Xayah,1
CT,Yasuo,1
CT,Ziggs,1
EBL,Rumble,65
EBL,Vi,56
EBL,Gwen,55
EBL,Varus,49
EBL,Aurora,47
EBL,Azir,45
EBL,Orianna,45
EBL,Corki,42
EBL,Jayce,41
EBL,Nautilus,39
EBL,K'Sante,38
EBL,Braum,37
EBL,Skarner,37
EBL,Viego,33
EBL,Ambessa,32
EBL,Nocturne,32
EBL,Poppy,32
EBL,Pantheon,31
EBL,Leona,30
EBL,Taliyah,30
EBL,Maokai,29
EBL,Galio,28
EBL,Rell,28
EBL,Kalista,25
EBL,Naafiri,25
EBL,Syndra,22
EBL,Mel,21
EBL,Zac,21
EBL,Ahri,18
EBL,Kindred,17
EBL,Urgot,17
EBL,Xin Zhao,17
EBL,Alistar,15
EBL,Gnar,15
EBL,LeBlanc,15
EBL,Renekton,15
EBL,Zyra,15
EBL,Jarvan IV,14
EBL,Jax,14
EBL,Xayah,14
EBL,Olaf,13
EBL,Ezreal,12
EBL,Fiora,12
EBL,Ornn,12
EBL,Trundle,12
EBL,Annie,11
EBL,Sylas,11
EBL,Bel'Veth,10
EBL,Hwei,10
EBL,Jinx,10
EBL,Wukong,10
EBL,Yone,10
EBL,Jhin,9
EBL,Darius,8
EBL,Ivern,8
EBL,Kai'Sa,8
EBL,Miss Fortune,8
EBL,Rakan,8
EBL,Yorick,8
EBL,Aatrox,7
EBL,Neeko,7
EBL,Sejuani,7
EBL,Sett,7
EBL,Viktor,7
EBL,Ashe,6
EBL,Renata Glasc,6
EBL,Sion,6
EBL,Tristana,6
EBL,Akali,5
EBL,Elise,5
EBL,Lucian,5
EBL,Lulu,5
EBL,Nidalee,5
EBL,Ryze,5
EBL,Shen,5
EBL,Sivir,5
EBL,Zeri,5
EBL,Bard,4
EBL,Kennen,4
EBL,Seraphine,4
EBL,Yunara,4
EBL,Camille,3
EBL,Lillia,3
EBL,Vladimir,3
EBL,Aphelios,2
EBL,Aurelion Sol,2
EBL,Blitzcrank,2
EBL,Caitlyn,2
EBL,Cho'Gath,2
EBL,Dr. Mundo,2
EBL,Gragas,2
EBL,Hecarim,2
EBL,Irelia,2
EBL,Nami,2
EBL,Yasuo,2
EBL,Zoe,2
EBL,Anivia,1
EBL,Cassiopeia,1
EBL,Karma,1
EBL,Lee Sin,1
EBL,Milio,1
EBL,Mordekaiser,1
EBL,Senna,1
EBL,Smolder,1
EBL,Zed,1
EM,Vi,103
EM,Varus,97
EM,Rumble,93
EM,Pantheon,72
EM,Azir,65
EM,Yone,62
EM,Jayce,61
EM,Sion,57
EM,Gwen,56
EM,Poppy,55
EM,Maokai,54
EM,Taliyah,50
EM,Braum,48
EM,Ezreal,48
EM,Naafiri,45
EM,Ahri,44
EM,Kalista,42
EM,Rell,40
EM,Ambessa,38
EM,Nautilus,38
EM,Orianna,38
EM,Sejuani,37
EM,Alistar,33
EM,Ivern,33
EM,Nocturne,33
EM,Miss Fortune,32
EM,Akali,29
EM,Leona,28
EM,Gnar,27
EM,Lucian,27
EM,Rakan,27
EM,Skarner,27
EM,Xin Zhao,26
EM,Zyra,26
EM,Gragas,24
EM,Jax,24
EM,Syndra,24
EM,Renekton,22
EM,Jhin,20
EM,Senna,19
EM,Neeko,18
EM,Caitlyn,17
EM,Ornn,17
EM,Viego,17
EM,Viktor,17
EM,Corki,16
EM,Jarvan IV,16
EM,Kai'Sa,16
EM,Draven,15
EM,Fiora,14
EM,Aatrox,13
EM,Galio,13
EM,Wukong,13
EM,Yorick,13
EM,Xayah,12
EM,K'Sante,11
EM,Karma,11
EM,Sylas,11
EM,Tristana,11
EM,Aurora,10
EM,Darius,9
EM,Hwei,9
EM,Ryze,9
EM,Shen,9
EM,Akshan,8
EM,Bel'Veth,8
EM,Lillia,8
EM,Mel,8
EM,Renata Glasc,8
EM,Zeri,8
EM,Jinx,7
EM,Lulu,7
EM,Trundle,7
EM,Ashe,6
EM,Camille,6
EM,Nidalee,6
EM,Blitzcrank,5
EM,Irelia,5
EM,Kennen,4
EM,Olaf,4
EM,Volibear,4
EM,Warwick,4
EM,Zed,4
EM,Ziggs,4
EM,Annie,3
EM,Cassiopeia,3
EM,Dr. Mundo,3
EM,Garen,3
EM,LeBlanc,3
EM,Lux,3
EM,Pyke,3
EM,Quinn,3
EM,Sivir,3
EM,Smolder,3
EM,Bard,2
EM,Cho'Gath,2
EM,Janna,2
EM,Kayn,2
EM,Kha'Zix,2
EM,Nami,2
EM,Yasuo,2
EM,Zilean,2
EM,Aphelios,1
EM,Elise,1
EM,Gangplank,1
EM,Karthus,1
EM,Kindred,1
EM,Lee Sin,1
EM,Lissandra,1
EM,Malphite,1
EM,Milio,1
EM,Nilah,1
EM,Samira,1
EM,Seraphine,1
EM,Sett,1
EM,Twisted Fate,1
EM,Yuumi,1
EM,Zoe,1
EWC,Pantheon,24
EWC,Varus,22
EWC,Neeko,15
EWC,Poppy,15
EWC,Vi,15
EWC,Orianna,14
EWC,Gwen,13
EWC,Taliyah,12
EWC,Rumble,10
EWC,Yone,10
EWC,Annie,9
EWC,Lucian,9
EWC,Braum,8
EWC,Alistar,7
EWC,Azir,7
EWC,Kai'Sa,7
EWC,Karma,7
EWC,Ryze,7
EWC,Xayah,7
EWC,Jhin,6
EWC,Senna,6
EWC,Yorick,6
EWC,Aurora,5
EWC,Jarvan IV,5
EWC,Wukong,5
EWC,Jayce,4
EWC,Ornn,4
EWC,Rakan,4
EWC,Skarner,4
EWC,Ambessa,3
EWC,Bard,3
EWC,Ezreal,3
EWC,Jax,3
EWC,Nocturne,3
EWC,Renata Glasc,3
EWC,Sion,3
EWC,Sivir,3
EWC,Viktor,3
EWC,Aatrox,2
EWC,Ahri,2
EWC,Caitlyn,2
EWC,Corki,2
EWC,Galio,2
EWC,Lee Sin,2
EWC,Maokai,2
EWC,Miss Fortune,2
EWC,Nautilus,2
EWC,Rell,2
EWC,Smolder,2
EWC,Xin Zhao,2
EWC,Ziggs,2
EWC,Akali,1
EWC,Camille,1
EWC,Cho'Gath,1
EWC,Gragas,1
EWC,Kalista,1
EWC,Kassadin,1
EWC,Leona,1
EWC,Olaf,1
EWC,Sejuani,1
EWC,Tahm Kench,1
FST,Kalista,25
FST,Poppy,19
FST,Skarner,19
FST,Yone,17
FST,Zyra,13
FST,Rumble,12
FST,Ambessa,11
FST,Braum,11
FST,Nidalee,11
FST,Varus,11
FST,Maokai,10
FST,Vi,10
FST,Viktor,10
FST,Taliyah,9
FST,Azir,8
FST,Gnar,8
FST,Jayce,8
FST,Sejuani,8
FST,Draven,7
FST,Ziggs,7
FST,Miss Fortune,6
FST,Akali,5
FST,Corki,5
FST,K'Sante,5
FST,Lillia,5
FST,Nautilus,5
FST,Sylas,5
FST,Ahri,4
FST,Ashe,4
FST,Jhin,4
FST,Leona,4
FST,Rakan,4
FST,Rell,4
FST,Renata Glasc,4
FST,Jax,3
FST,Kai'Sa,3
FST,Karma,3
FST,Lulu,3
FST,Tristana,3
FST,Alistar,2
FST,Caitlyn,2
FST,Ezreal,2
FST,Galio,2
FST,Gragas,2
FST,Gwen,2
FST,Nocturne,2
FST,Pyke,2
FST,Seraphine,2
FST,Aurora,1
FST,Camille,1
FST,Cassiopeia,1
FST,Gangplank,1
FST,Hwei,1
FST,Ivern,1
FST,Kennen,1
FST,Lucian,1
FST,Neeko,1
FST,Orianna,1
FST,Ornn,1
FST,Pantheon,1
FST,Renekton,1
FST,Ryze,1
FST,Viego,1
FST,Wukong,1
FST,Xayah,1
FST,Xin Zhao,1
FST,Zac,1
HC,Ambessa,72
HC,Pantheon,70
HC,Varus,59
HC,Gwen,49
HC,Jarvan IV,46
HC,Syndra,45
HC,Vi,44
HC,Azir,41
HC,Orianna,34
HC,Jayce,32
HC,Renekton,31
HC,Xin Zhao,31
HC,Ivern,30
HC,Maokai,30
HC,Taliyah,30
HC,Naafiri,29
HC,Yone,29
HC,Poppy,28
HC,Nautilus,27
HC,Aurora,26
HC,Sylas,26
HC,Ahri,25
HC,Rell,25
HC,Corki,24
HC,Rumble,24
HC,Braum,23
HC,Alistar,21
HC,Amumu,20
HC,Leona,18
HC,Kindred,17
HC,Master Yi,16
HC,Xerath,16
HC,Jinx,15
HC,Tristana,15
HC,Jax,14
HC,Kalista,14
HC,Karma,14
HC,Vladimir,14
HC,Zac,14
HC,Ezreal,12
HC,Gragas,12
HC,Olaf,12
HC,Ornn,12
HC,Rakan,12
HC,Neeko,11
HC,Sejuani,11
HC,Ziggs,11
HC,Lulu,10
HC,Mel,10
HC,Trundle,10
HC,Viego,10
HC,Camille,9
HC,Jhin,9
HC,Nocturne,9
HC,Viktor,9
HC,Hwei,8
HC,Irelia,8
HC,LeBlanc,8
HC,Akali,7
HC,Kai'Sa,7
HC,Zyra,7
HC,Ashe,6
HC,Bard,6
HC,Gnar,6
HC,Hecarim,6
HC,Mordekaiser,6
HC,Rek'Sai,6
HC,Sion,6
HC,Skarner,6
HC,Talon,6
HC,Wukong,6
HC,Xayah,6
HC,Zed,6
HC,K'Sante,5
HC,Lucian,5
HC,Miss Fortune,5
HC,Sivir,5
HC,Smolder,5
HC,Aatrox,4
HC,Dr. Mundo,4
HC,Karthus,4
HC,Lillia,4
HC,Annie,3
HC,Draven,3
HC,Galio,3
HC,Milio,3
HC,Morgana,3
HC,Nami,3
HC,Nidalee,3
HC,Pyke,3
HC,Sona,3
HC,Zeri,3
HC,Bel'Veth,2
HC,Blitzcrank,2
HC,Diana,2
HC,Fizz,2
HC,Janna,2
HC,Kayle,2
HC,Kog'Maw,2
HC,Malphite,2
HC,Renata Glasc,2
HC,Seraphine,2
HC,Swain,2
HC,Thresh,2
HC,Volibear,2
HC,Yorick,2
HC,Yunara,2
HC,Anivia,1
HC,Caitlyn,1
HC,Darius,1
HC,Garen,1
HC,Lux,1
HC,Rammus,1
HC,Senna,1
HC,Shen,1
HC,Tryndamere,1
HC,Twisted Fate,1
HC,Twitch,1
HC,Yasuo,1
HC,Yuumi,1
HLL,Rumble,79
HLL,Pantheon,69
HLL,Jayce,63
HLL,Varus,59
HLL,Ambessa,58
HLL,Gwen,57
HLL,Braum,53
HLL,Skarner,53
HLL,Corki,52
HLL,Azir,50
HLL,Ezreal,47
HLL,Rell,47
HLL,Vi,45
HLL,Orianna,42
HLL,Viego,38
HLL,Maokai,37
HLL,Syndra,36
HLL,Taliyah,35
HLL,Wukong,34
HLL,Aurora,33
HLL,Naafiri,31
HLL,K'Sante,30
HLL,Miss Fortune,30
HLL,Neeko,28
HLL,Alistar,27
HLL,Yone,27
HLL,Nautilus,26
HLL,Xin Zhao,26
HLL,Viktor,25
HLL,Ivern,24
HLL,Leona,24
HLL,Sylas,24
HLL,Zyra,24
HLL,Nocturne,22
HLL,Renekton,22
HLL,Poppy,21
HLL,Hwei,20
HLL,Ahri,19
HLL,Cassiopeia,17
HLL,Kai'Sa,17
HLL,Jax,16
HLL,Karthus,16
HLL,Olaf,16
HLL,Rakan,16
HLL,Akali,15
HLL,Gnar,15
HLL,Riven,15
HLL,Annie,14
HLL,Tristana,14
HLL,Caitlyn,13
HLL,Kalista,13
HLL,Jarvan IV,12
HLL,Mel,12
HLL,Yorick,12
HLL,Galio,11
HLL,Sejuani,11
HLL,Camille,10
HLL,Zed,10
HLL,Bel'Veth,9
HLL,Lulu,9
HLL,Renata Glasc,9
HLL,Trundle,9
HLL,Blitzcrank,8
HLL,Draven,8
HLL,Fiora,8
HLL,Jhin,8
HLL,Ornn,8
HLL,Sion,8
HLL,Xayah,8
HLL,Ziggs,8
HLL,Karma,7
HLL,Yasuo,7
HLL,Sivir,6
HLL,Darius,5
HLL,Dr. Mundo,5
HLL,Jinx,5
HLL,Lucian,5
HLL,Smolder,5
HLL,Aatrox,4
HLL,Aphelios,4
HLL,Aurelion Sol,4
HLL,Irelia,4
HLL,LeBlanc,4
HLL,Lillia,4
HLL,Seraphine,4
HLL,Shen,4
HLL,Swain,4
HLL,Kennen,3
HLL,Kog'Maw,3
HLL,Lux,3
HLL,Milio,3
HLL,Ryze,3
HLL,Thresh,3
HLL,Twitch,3
HLL,Cho'Gath,2
HLL,Ekko,2
HLL,Elise,2
HLL,Gragas,2
HLL,Nidalee,2
HLL,Pyke,2
HLL,Ashe,1
HLL,Diana,1
HLL,Fiddlesticks,1
HLL,Garen,1
HLL,Kassadin,1
HLL,Kindred,1
HLL,Malphite,1
HLL,Tryndamere,1
HLL,Vayne,1
HLL,Zeri,1
HLL,Zoe,1
HM,Gwen,75
HM,Pantheon,62
HM,Varus,57
HM,Azir,54
HM,Rumble,50
HM,Ivern,49
HM,Yone,48
HM,Poppy,45
HM,Jayce,40
HM,Orianna,39
HM,Vi,38
HM,Naafiri,37
HM,Akali,35
HM,Ambessa,35
HM,Maokai,35
HM,Taliyah,35
HM,Braum,34
HM,K'Sante,34
HM,Zyra,28
HM,Nautilus,27
HM,Sejuani,27
HM,Alistar,25
HM,Aurora,25
HM,Trundle,25
HM,Ezreal,23
HM,Corki,22
HM,Rakan,21
HM,Rell,21
HM,Yorick,21
HM,Jax,19
HM,Udyr,19
HM,Viego,19
HM,Syndra,18
HM,Jarvan IV,17
HM,Renekton,17
HM,Wukong,17
HM,Kai'Sa,16
HM,Neeko,16
HM,Nocturne,16
HM,Tristana,14
HM,Xin Zhao,14
HM,Sion,13
HM,Xayah,13
HM,Aatrox,12
HM,Ahri,12
HM,Jhin,12
HM,Leona,12
HM,Sylas,12
HM,Fiora,11
HM,Lillia,11
HM,Lulu,11
HM,Miss Fortune,11
HM,Sivir,11
HM,Skarner,11
HM,Ziggs,11
HM,Gnar,10
HM,Hwei,9
HM,Lee Sin,9
HM,Zed,9
HM,Bard,8
HM,Camille,8
HM,Gangplank,8
HM,Ornn,8
HM,Viktor,8
HM,Annie,6
HM,Karthus,6
HM,Lucian,6
HM,Ryze,6
HM,Ashe,5
HM,Irelia,5
HM,Jinx,5
HM,Kalista,4
HM,Karma,4
HM,Sett,4
HM,Smolder,4
HM,Yasuo,4
HM,Zeri,4
HM,Aurelion Sol,3
HM,Galio,3
HM,LeBlanc,3
HM,Olaf,3
HM,Pyke,3
HM,Blitzcrank,2
HM,Cho'Gath,2
HM,Gragas,2
HM,Malphite,2
HM,Nunu & Willump,2
HM,Senna,2
HM,Yunara,2
HM,Amumu,1
HM,Aphelios,1
HM,Brand,1
HM,Caitlyn,1
HM,Draven,1
HM,Elise,1
HM,Illaoi,1
HM,Malzahar,1
HM,Mel,1
HM,Milio,1
HM,Mordekaiser,1
HM,Renata Glasc,1
HM,Shen,1
HM,Tahm Kench,1
HM,Taric,1
HM,Vladimir,1
HM,Volibear,1
HW,Skarner,92
HW,Maokai,55
HW,Corki,53
HW,Ambessa,46
HW,K'Sante,44
HW,Varus,44
HW,Zyra,41
HW,Kalista,33
HW,Aurora,29
HW,Syndra,29
HW,Ivern,26
HW,Jayce,25
HW,Rell,25
HW,Orianna,24
HW,Viego,23
HW,Wukong,22
HW,Azir,21
HW,Mel,21
HW,Rumble,21
HW,Vi,20
HW,Yone,20
HW,Poppy,18
HW,Ashe,17
HW,Kai'Sa,15
HW,Braum,14
HW,Ezreal,14
HW,Camille,13
HW,Renekton,13
HW,Alistar,12
HW,Sejuani,12
HW,Taliyah,12
HW,Viktor,12
HW,Amumu,11
HW,Leona,11
HW,Sylas,11
HW,Zac,11
HW,Ahri,9
HW,Nautilus,9
HW,Hwei,8
HW,Draven,7
HW,Galio,7
HW,Pantheon,7
HW,Pyke,7
HW,Renata Glasc,7
HW,Xerath,7
HW,Xin Zhao,7
HW,Gnar,6
HW,Lulu,6
HW,Miss Fortune,6
HW,Ryze,6
HW,Sion,6
HW,Vladimir,6
HW,Akali,5
HW,Garen,5
HW,Gwen,5
HW,Lillia,5
HW,Malphite,5
HW,Rakan,5
HW,Cho'Gath,4
HW,Elise,4
HW,Jinx,4
HW,Karma,4
HW,Nocturne,4
HW,Ornn,4
HW,Cassiopeia,3
HW,Gragas,3
HW,Jarvan IV,3
HW,Olaf,3
HW,Aatrox,2
HW,Darius,2
HW,Jax,2
HW,Jhin,2
HW,Karthus,2
HW,LeBlanc,2
HW,Milio,2
HW,Shen,2
HW,Smolder,2
HW,Xayah,2
HW,Zeri,2
HW,Ziggs,2
HW,Bard,1
HW,Blitzcrank,1
HW,Brand,1
HW,Caitlyn,1
HW,Fiora,1
HW,Hecarim,1
HW,Kayle,1
HW,Kindred,1
HW,Lee Sin,1
HW,Morgana,1
HW,Neeko,1
HW,Nunu & Willump,1
HW,Seraphine,1
HW,Sett,1
HW,Tahm Kench,1
HW,Tristana,1
HW,Twitch,1
HW,Veigar,1
HW,Warwick,1
HW,Yasuo,1
LAS,Kalista,210
LAS,Vi,171
LAS,Jayce,125
LAS,Varus,119
LAS,Gwen,104
LAS,Ashe,92
LAS,Naafiri,88
LAS,Zyra,87
LAS,Rumble,82
LAS,Poppy,73
LAS,Yone,71
LAS,Sejuani,70
LAS,Karma,68
LAS,Neeko,68
LAS,Skarner,61
LAS,Miss Fortune,57
LAS,Azir,56
LAS,Pantheon,56
LAS,Rakan,54
LAS,Nocturne,51
LAS,Ezreal,50
LAS,Orianna,43
LAS,Lucian,42
LAS,Taliyah,41
LAS,Nautilus,39
LAS,Xin Zhao,37
LAS,Braum,35
LAS,Ahri,33
LAS,Ambessa,30
LAS,Sylas,30
LAS,Sion,29
LAS,Viego,28
LAS,Alistar,27
LAS,Aurora,27
LAS,Kai'Sa,26
LAS,Leona,26
LAS,Renekton,26
LAS,Viktor,25
LAS,Gnar,23
LAS,Jhin,22
LAS,Caitlyn,21
LAS,Corki,21
LAS,Rell,20
LAS,Draven,19
LAS,Lillia,19
LAS,Ryze,19
LAS,Vladimir,19
LAS,Renata Glasc,18
LAS,Galio,17
LAS,K'Sante,17
LAS,Nidalee,16
LAS,Lulu,15
LAS,Xayah,14
LAS,Dr. Mundo,13
LAS,Akali,11
LAS,Maokai,11
LAS,Pyke,9
LAS,Seraphine,8
LAS,Wukong,8
LAS,Yorick,8
LAS,Elise,7
LAS,Tristana,7
LAS,Jax,6
LAS,Vel'Koz,6
LAS,Ziggs,6
LAS,Ornn,5
LAS,Aatrox,4
LAS,Annie,4
LAS,Zeri,4
LAS,Aphelios,3
LAS,Mel,3
LAS,Jinx,2
LAS,Kennen,2
LAS,Kindred,2
LAS,Lee Sin,2
LAS,Nami,2
LAS,Olaf,2
LAS,Senna,2
LAS,Shen,2
LAS,Taric,2
LAS,Zed,2
LAS,Blitzcrank,1
LAS,Camille,1
LAS,Gragas,1
LAS,Hwei,1
LAS,Jarvan IV,1
LAS,Karthus,1
LAS,Milio,1
LAS,Sivir,1
LAS,Tahm Kench,1
LAS,Thresh,1
LAS,Udyr,1
LAS,Urgot,1
LAS,Volibear,1
LCK,Vi,279
LCK,Kalista,259
LCK,Varus,211
LCK,Poppy,166
LCK,Azir,163
LCK,Yone,148
LCK,Alistar,139
LCK,Gwen,139
LCK,Pantheon,137
LCK,Taliyah,134
LCK,Skarner,123
LCK,Rakan,111
LCK,Rumble,109
LCK,Jayce,90
LCK,Ezreal,87
LCK,Nocturne,74
LCK,Sejuani,74
LCK,Xayah,74
LCK,Nautilus,71
LCK,Neeko,70
LCK,Ambessa,68
LCK,Braum,67
LCK,Kai'Sa,67
LCK,Xin Zhao,67
LCK,Aurora,64
LCK,Ashe,62
LCK,Miss Fortune,53
LCK,Naafiri,51
LCK,Elise,49
LCK,Nidalee,47
LCK,K'Sante,43
LCK,Lucian,39
LCK,Renekton,39
LCK,Trundle,39
LCK,Viktor,39
LCK,Sion,36
LCK,Wukong,34
LCK,Corki,33
LCK,Lulu,33
LCK,Orianna,33
LCK,Zyra,33
LCK,Galio,32
LCK,Jax,32
LCK,Rell,32
LCK,Jhin,31
LCK,Lillia,31
LCK,Renata Glasc,31
LCK,Caitlyn,30
LCK,Senna,29
LCK,Leona,28
LCK,Sylas,26
LCK,Lee Sin,24
LCK,Yunara,24
LCK,Ahri,23
LCK,Gnar,23
LCK,Ryze,21
LCK,Maokai,19
LCK,Shen,19
LCK,Annie,18
LCK,Bard,18
LCK,Sivir,18
LCK,Akali,16
LCK,Ornn,15
LCK,Yorick,15
LCK,Ziggs,14
LCK,Karma,12
LCK,LeBlanc,12
LCK,Viego,12
LCK,Aatrox,11
LCK,Camille,11
LCK,Jinx,9
LCK,Jarvan IV,8
LCK,Mel,7
LCK,Zed,7
LCK,Zeri,7
LCK,Twisted Fate,6
LCK,Blitzcrank,5
LCK,Hwei,5
LCK,Tahm Kench,5
LCK,Anivia,3
LCK,Ivern,3
LCK,Kindred,3
LCK,Olaf,3
LCK,Pyke,3
LCK,Cassiopeia,2
LCK,Gangplank,2
LCK,Gragas,2
LCK,Sett,2
LCK,Smolder,2
LCK,Tristana,2
LCK,Aphelios,1
LCK,Brand,1
LCK,Cho'Gath,1
LCK,Diana,1
LCK,Draven,1
LCK,Kennen,1
LCK,Nilah,1
LCK,Syndra,1
LCK,Thresh,1
LCK,Twitch,1
LCK,Zilean,1
LCK,Zoe,1
LCKC,Vi,260
LCKC,Kalista,234
LCKC,Poppy,226
LCKC,Varus,222
LCKC,Gwen,168
LCKC,Pantheon,136
LCKC,Azir,130
LCKC,Jayce,122
LCKC,Rumble,120
LCKC,Skarner,118
LCKC,Taliyah,116
LCKC,Ashe,96
LCKC,Miss Fortune,96
LCKC,Ezreal,94
LCKC,Neeko,85
LCKC,Ambessa,81
LCKC,Kai'Sa,79
LCKC,Nocturne,77
LCKC,Alistar,74
LCKC,Rakan,72
LCKC,Xin Zhao,70
LCKC,Sejuani,68
LCKC,Zyra,66
LCKC,Orianna,65
LCKC,Lucian,62
LCKC,Nautilus,62
LCKC,Aurora,59
LCKC,Yone,59
LCKC,Caitlyn,58
LCKC,Xayah,54
LCKC,Braum,46
LCKC,Naafiri,46
LCKC,Viktor,46
LCKC,Renekton,45
LCKC,Wukong,44
LCKC,Jhin,42
LCKC,Corki,41
LCKC,K'Sante,41
LCKC,Leona,40
LCKC,Trundle,39
LCKC,Renata Glasc,33
LCKC,Annie,32
LCKC,Sivir,32
LCKC,Viego,32
LCKC,Ahri,31
LCKC,Elise,29
LCKC,Gnar,28
LCKC,Galio,26
LCKC,Nidalee,24
LCKC,Sion,23
LCKC,Ryze,21
LCKC,Senna,19
LCKC,Sylas,19
LCKC,Ziggs,19
LCKC,Yunara,17
LCKC,Jax,16
LCKC,Lillia,16
LCKC,Karma,15
LCKC,Lulu,13
LCKC,Rell,13
LCKC,LeBlanc,11
LCKC,Zed,11
LCKC,Akali,10
LCKC,Hwei,9
LCKC,Maokai,9
LCKC,Pyke,9
LCKC,Aatrox,8
LCKC,Draven,8
LCKC,Jarvan IV,8
LCKC,Tristana,7
LCKC,Bard,6
LCKC,Blitzcrank,6
LCKC,Lee Sin,6
LCKC,Ornn,6
LCKC,Yorick,6
LCKC,Gragas,5
LCKC,Ivern,5
LCKC,Kindred,5
LCKC,Mel,5
LCKC,Udyr,5
LCKC,Zeri,5
LCKC,Camille,4
LCKC,Zoe,4
LCKC,Kennen,3
LCKC,Jinx,2
LCKC,Shen,2
LCKC,Taric,2
LCKC,Yasuo,2
LCKC,Anivia,1
LCKC,Aphelios,1
LCKC,Diana,1
LCKC,Irelia,1
LCKC,Kha'Zix,1
LCKC,Kog'Maw,1
LCKC,Malphite,1
LCKC,Nasus,1
LCKC,Olaf,1
LCKC,Seraphine,1
LCKC,Smolder,1
LCKC,Twisted Fate,1
LCKC,Zac,1
LCP,Nocturne,109
LCP,Kalista,105
LCP,Vi,93
LCP,Rumble,90
LCP,Varus,85
LCP,Skarner,75
LCP,Azir,65
LCP,Aurora,63
LCP,Gwen,62
LCP,Poppy,60
LCP,Zyra,55
LCP,Pantheon,53
LCP,Ezreal,49
LCP,Viktor,48
LCP,Rakan,47
LCP,Xin Zhao,47
LCP,Ashe,43
LCP,Neeko,43
LCP,Taliyah,43
LCP,Jayce,38
LCP,Nautilus,38
LCP,Ambessa,37
LCP,K'Sante,37
LCP,Orianna,33
LCP,Sion,33
LCP,Lucian,32
LCP,Wukong,32
LCP,Yorick,32
LCP,Alistar,30
LCP,Miss Fortune,29
LCP,Corki,28
LCP,Ryze,25
LCP,Kai'Sa,23
LCP,Renata Glasc,22
LCP,Rell,21
LCP,Akali,20
LCP,Ahri,19
LCP,Jax,19
LCP,Sejuani,19
LCP,Caitlyn,18
LCP,Viego,18
LCP,Annie,17
LCP,Elise,17
LCP,Naafiri,16
LCP,Pyke,16
LCP,Sylas,16
LCP,Lillia,15
LCP,Xayah,15
LCP,Galio,14
LCP,Jhin,14
LCP,Leona,14
LCP,Braum,13
LCP,Renekton,13
LCP,Nidalee,11
LCP,Gnar,10
LCP,Jarvan IV,10
LCP,Trundle,10
LCP,Udyr,10
LCP,Yone,10
LCP,Hwei,9
LCP,Yunara,9
LCP,Bard,8
LCP,Lee Sin,8
LCP,Shen,8
LCP,Gragas,7
LCP,Karma,7
LCP,Senna,7
LCP,Aatrox,6
LCP,Maokai,6
LCP,Mel,6
LCP,Kindred,5
LCP,Lulu,5
LCP,Tristana,5
LCP,Jinx,4
LCP,Ornn,4
LCP,Smolder,4
LCP,Draven,3
LCP,Brand,2
LCP,Camille,2
LCP,Ziggs,2
LCP,Blitzcrank,1
LCP,Cho'Gath,1
LCP,Kennen,1
LCP,Lux,1
LCP,Nami,1
LCP,Seraphine,1
LCP,Sivir,1
LCP,Swain,1
LCP,Tahm Kench,1
LCP,Thresh,1
LCP,Twisted Fate,1
LCP,Urgot,1
LCP,Yasuo,1
LCP,Zeri,1
LEC,Kalista,132
LEC,Maokai,126
LEC,Jayce,98
LEC,Poppy,97
LEC,Vi,97
LEC,Yone,96
LEC,Azir,88
LEC,Varus,88
LEC,Skarner,86
LEC,Rumble,80
LEC,Gwen,71
LEC,Ambessa,59
LEC,Taliyah,57
LEC,Zyra,56
LEC,Braum,53
LEC,Viktor,49
LEC,Nautilus,43
LEC,Rell,43
LEC,Ezreal,42
LEC,Jax,41
LEC,Aurora,40
LEC,Draven,39
LEC,Rakan,37
LEC,K'Sante,34
LEC,Neeko,31
LEC,Pantheon,31
LEC,Alistar,30
LEC,Gnar,30
LEC,Nidalee,29
LEC,Corki,27
LEC,Leona,27
LEC,Renata Glasc,27
LEC,Renekton,27
LEC,Kai'Sa,25
LEC,Naafiri,25
LEC,Miss Fortune,22
LEC,Sejuani,22
LEC,Orianna,21
LEC,Wukong,20
LEC,Ivern,19
LEC,Lucian,19
LEC,Sion,18
LEC,Tristana,16
LEC,Sylas,15
LEC,Trundle,15
LEC,Ahri,14
LEC,Ashe,14
LEC,Hwei,14
LEC,Warwick,14
LEC,Xin Zhao,14
LEC,Akali,13
LEC,Jhin,13
LEC,Mel,12
LEC,Nocturne,12
LEC,Xayah,12
LEC,Elise,10
LEC,Galio,9
LEC,Smolder,9
LEC,Caitlyn,8
LEC,Gragas,8
LEC,Jarvan IV,8
LEC,Lillia,8
LEC,Lulu,8
LEC,Ziggs,8
LEC,Aurelion Sol,7
LEC,Blitzcrank,7
LEC,Senna,7
LEC,Karma,6
LEC,Cho'Gath,5
LEC,Dr. Mundo,5
LEC,Garen,5
LEC,Jinx,5
LEC,Ornn,5
LEC,Yasuo,5
LEC,Aatrox,4
LEC,Sivir,4
LEC,Syndra,4
LEC,Yunara,4
LEC,Aphelios,3
LEC,Olaf,3
LEC,Pyke,3
LEC,Thresh,3
LEC,Annie,2
LEC,Bard,2
LEC,Cassiopeia,2
LEC,Fiddlesticks,2
LEC,LeBlanc,2
LEC,Nami,2
LEC,Ryze,2
LEC,Seraphine,2
LEC,Zeri,2
LEC,Camille,1
LEC,Darius,1
LEC,Gangplank,1
LEC,Karthus,1
LEC,Sett,1
LEC,Swain,1
LEC,Twitch,1
LEC,Viego,1
LEC,Yorick,1
LFL,Varus,147
LFL,Maokai,125
LFL,Gwen,115
LFL,Vi,114
LFL,Rumble,83
LFL,Skarner,71
LFL,Kalista,69
LFL,Azir,68
LFL,Jayce,64
LFL,Sejuani,64
LFL,Yone,64
LFL,Pantheon,58
LFL,Alistar,57
LFL,Ambessa,56
LFL,Nautilus,53
LFL,Poppy,53
LFL,Taliyah,49
LFL,Braum,48
LFL,Ahri,46
LFL,Corki,46
LFL,Rell,44
LFL,Ezreal,43
LFL,Jax,43
LFL,Rakan,43
LFL,Orianna,40
LFL,Miss Fortune,38
LFL,Viktor,37
LFL,Akali,36
LFL,Sion,35
LFL,Kai'Sa,31
LFL,Neeko,31
LFL,Leona,27
LFL,Sylas,26
LFL,Xin Zhao,26
LFL,Renekton,25
LFL,Aurora,23
LFL,Gnar,23
LFL,K'Sante,22
LFL,Lucian,21
LFL,Wukong,21
LFL,Sivir,20
LFL,Karma,19
LFL,Xayah,19
LFL,Zyra,19
LFL,Naafiri,15
LFL,Renata Glasc,15
LFL,Trundle,15
LFL,Ziggs,15
LFL,Jhin,14
LFL,Ryze,14
LFL,Aatrox,12
LFL,Caitlyn,12
LFL,Nocturne,12
LFL,Lulu,11
LFL,Nilah,11
LFL,Syndra,11
LFL,Yunara,11
LFL,Jarvan IV,10
LFL,LeBlanc,10
LFL,Ornn,10
LFL,Annie,9
LFL,Blitzcrank,9
LFL,Bard,8
LFL,Ivern,8
LFL,Galio,7
LFL,Seraphine,7
LFL,Hwei,6
LFL,Senna,6
LFL,Ashe,5
LFL,Draven,5
LFL,Lillia,5
LFL,Smolder,5
LFL,Jinx,4
LFL,Soraka,4
LFL,Yorick,4
LFL,Malphite,3
LFL,Nami,3
LFL,Vladimir,3
LFL,Volibear,3
LFL,Warwick,3
LFL,Zeri,3
LFL,Cho'Gath,2
LFL,Lee Sin,2
LFL,Mel,2
LFL,Pyke,2
LFL,Tristana,2
LFL,Vayne,2
LFL,Viego,2
LFL,Zac,2
LFL,Zoe,2
LFL,Amumu,1
LFL,Aphelios,1
LFL,Aurelion Sol,1
LFL,Camille,1
LFL,Cassiopeia,1
LFL,Fiddlesticks,1
LFL,Gragas,1
LFL,Lux,1
LFL,Nidalee,1
LFL,Thresh,1
LFL,Tryndamere,1
LFL2,Ivern,75
LFL2,Varus,62
LFL2,Yone,61
LFL2,Gwen,58
LFL2,Ambessa,55
LFL2,Aurora,55
LFL2,Jayce,54
LFL2,Akali,52
LFL2,Fiora,52
LFL2,Corki,47
LFL2,Taliyah,47
LFL2,Rumble,45
LFL2,Poppy,43
LFL2,Skarner,41
LFL2,Kalista,38
LFL2,Braum,37
LFL2,Maokai,36
LFL2,Rell,36
LFL2,K'Sante,35
LFL2,Orianna,34
LFL2,Pantheon,34
LFL2,Vi,33
LFL2,Aphelios,31
LFL2,Miss Fortune,28
LFL2,Alistar,27
LFL2,Azir,27
LFL2,Leona,27
LFL2,Ezreal,24
LFL2,Wukong,23
LFL2,Shen,21
LFL2,Hwei,20
LFL2,Irelia,19
LFL2,Ornn,19
LFL2,Sejuani,19
LFL2,Kayn,18
LFL2,Rakan,18
LFL2,Smolder,18
LFL2,Aatrox,16
LFL2,Nautilus,16
LFL2,Renekton,16
LFL2,Viktor,16
LFL2,Sylas,15
LFL2,Kog'Maw,14
LFL2,Nocturne,14
LFL2,Talon,14
LFL2,Jhin,13
LFL2,Kai'Sa,12
LFL2,Tristana,12
LFL2,Xin Zhao,12
LFL2,Sion,11
LFL2,Sivir,10
LFL2,Ahri,9
LFL2,Karthus,9
LFL2,Lillia,9
LFL2,Naafiri,9
LFL2,Olaf,9
LFL2,Amumu,8
LFL2,Garen,8
LFL2,Jax,8
LFL2,Malphite,8
LFL2,Ryze,8
LFL2,Senna,8
LFL2,Trundle,8
LFL2,Gnar,7
LFL2,Jarvan IV,7
LFL2,Kindred,7
LFL2,Xayah,7
LFL2,Zyra,7
LFL2,Galio,6
LFL2,Syndra,6
LFL2,Ashe,5
LFL2,Cassiopeia,5
LFL2,LeBlanc,5
LFL2,Riven,5
LFL2,Bard,4
LFL2,Camille,4
LFL2,Nidalee,4
LFL2,Annie,3
LFL2,Blitzcrank,3
LFL2,Lucian,3
LFL2,Pyke,3
LFL2,Yunara,3
LFL2,Zed,3
LFL2,Caitlyn,2
LFL2,Draven,2
LFL2,Gragas,2
LFL2,Janna,2
LFL2,Jinx,2
LFL2,Lulu,2
LFL2,Neeko,2
LFL2,Seraphine,2
LFL2,Volibear,2
LFL2,Yorick,2
LFL2,Ziggs,2
LFL2,Karma,1
LFL2,Kennen,1
LFL2,Lissandra,1
LFL2,Mel,1
LFL2,Milio,1
LFL2,Renata Glasc,1
LFL2,Tahm Kench,1
LFL2,Taric,1
LFL2,Thresh,1
LFL2,Vayne,1
LFL2,Viego,1
LFL2,Yasuo,1
LFL2,Zeri,1
LIT,Jayce,50
LIT,Pantheon,47
LIT,Ambessa,40
LIT,Gwen,40
LIT,Varus,40
LIT,Taliyah,34
LIT,Rumble,33
LIT,Yone,33
LIT,Corki,32
LIT,Tristana,32
LIT,Skarner,28
LIT,Vi,28
LIT,Braum,27
LIT,Azir,24
LIT,Orianna,24
LIT,K'Sante,23
LIT,Sylas,22
LIT,Viego,21
LIT,Olaf,20
LIT,Trundle,20
LIT,Poppy,19
LIT,Rell,18
LIT,Ahri,17
LIT,Leona,17
LIT,Alistar,16
LIT,Lillia,16
LIT,Naafiri,16
LIT,Ornn,16
LIT,Zyra,15
LIT,Ivern,14
LIT,Aatrox,13
LIT,Hwei,13
LIT,Kai'Sa,13
LIT,Renekton,13
LIT,Viktor,13
LIT,Zac,13
LIT,Ezreal,12
LIT,Nautilus,12
LIT,Rakan,12
LIT,Zoe,12
LIT,Akali,11
LIT,Aurora,11
LIT,Darius,11
LIT,Galio,11
LIT,Kalista,11
LIT,Miss Fortune,11
LIT,Syndra,11
LIT,Xin Zhao,11
LIT,Yorick,11
LIT,Jarvan IV,10
LIT,Maokai,10
LIT,Camille,9
LIT,Mel,9
LIT,Wukong,9
LIT,Ziggs,9
LIT,Jax,8
LIT,Renata Glasc,8
LIT,Jhin,7
LIT,Jinx,7
LIT,Lulu,7
LIT,Fiora,6
LIT,Neeko,6
LIT,Nocturne,6
LIT,Pyke,6
LIT,Sejuani,6
LIT,Sion,6
LIT,Draven,5
LIT,Gnar,5
LIT,Swain,5
LIT,Xayah,5
LIT,Lucian,4
LIT,Malphite,4
LIT,Morgana,4
LIT,Veigar,4
LIT,Aphelios,3
LIT,Ashe,3
LIT,Bard,3
LIT,Blitzcrank,3
LIT,Cho'Gath,3
LIT,Irelia,3
LIT,Kog'Maw,3
LIT,LeBlanc,3
LIT,Milio,3
LIT,Ryze,3
LIT,Thresh,3
LIT,Kayn,2
LIT,Nami,2
LIT,Sivir,2
LIT,Zeri,2
LIT,Amumu,1
LIT,Annie,1
LIT,Brand,1
LIT,Caitlyn,1
LIT,Diana,1
LIT,Fiddlesticks,1
LIT,Garen,1
LIT,Gragas,1
LIT,Karthus,1
LIT,Kennen,1
LIT,Kindred,1
LIT,Lee Sin,1
LIT,Lissandra,1
LIT,Lux,1
LIT,Seraphine,1
LIT,Sett,1
LIT,Soraka,1
LIT,Volibear,1
LIT,Yasuo,1
LIT,Zed,1
LIT,Zilean,1
LJL,Vi,170
LJL,Gwen,157
LJL,Varus,150
LJL,Rumble,139
LJL,Jayce,134
LJL,Naafiri,115
LJL,Kalista,109
LJL,Braum,99
LJL,Xin Zhao,91
LJL,Skarner,89
LJL,Zyra,88
LJL,Taliyah,84
LJL,Sylas,82
LJL,Ambessa,80
LJL,Aurora,66
LJL,Galio,66
LJL,Karma,65
LJL,Sejuani,64
LJL,Rell,63
LJL,Yorick,60
LJL,Ashe,58
LJL,Nautilus,57
LJL,Nocturne,57
LJL,K'Sante,55
LJL,Poppy,55
LJL,Ezreal,53
LJL,Neeko,52
LJL,Lucian,51
LJL,Pantheon,51
LJL,Leona,46
LJL,Viktor,42
LJL,Orianna,40
LJL,Ahri,39
LJL,Yone,35
LJL,Jax,33
LJL,Kai'Sa,33
LJL,Lillia,33
LJL,Rakan,32
LJL,Azir,31
LJL,Alistar,27
LJL,Miss Fortune,27
LJL,Wukong,27
LJL,Zoe,26
LJL,Akali,25
LJL,Annie,25
LJL,Lulu,24
LJL,Viego,24
LJL,Renata Glasc,21
LJL,Bel'Veth,20
LJL,Jhin,20
LJL,Xayah,20
LJL,Renekton,19
LJL,Sion,19
LJL,Hwei,18
LJL,Kayn,18
LJL,Zeri,18
LJL,Corki,16
LJL,Gnar,16
LJL,Irelia,15
LJL,Vladimir,15
LJL,Zed,15
LJL,Camille,14
LJL,Tristana,14
LJL,Aatrox,13
LJL,LeBlanc,13
LJL,Trundle,13
LJL,Bard,12
LJL,Elise,12
LJL,Jinx,12
LJL,Rek'Sai,12
LJL,Lux,11
LJL,Thresh,11
LJL,Yasuo,11
LJL,Draven,10
LJL,Maokai,10
LJL,Syndra,9
LJL,Tahm Kench,9
LJL,Kled,8
LJL,Nami,8
LJL,Sivir,8
LJL,Yuumi,8
LJL,Evelynn,7
LJL,Mel,7
LJL,Qiyana,7
LJL,Ryze,7
LJL,Shen,7
LJL,Akshan,6
LJL,Mordekaiser,6
LJL,Anivia,5
LJL,Fiora,5
LJL,Gragas,5
LJL,Kindred,5
LJL,Ornn,5
LJL,Swain,5
LJL,Aphelios,4
LJL,Diana,4
LJL,Kassadin,4
LJL,Lee Sin,4
LJL,Nidalee,4
LJL,Pyke,4
LJL,Seraphine,4
LJL,Blitzcrank,3
LJL,Caitlyn,3
LJL,Fizz,3
LJL,Gangplank,3
LJL,Katarina,3
LJL,Olaf,3
LJL,Smolder,3
LJL,Urgot,3
LJL,Ziggs,3
LJL,Ivern,2
LJL,Jarvan IV,2
LJL,Karthus,2
LJL,Tryndamere,2
LJL,Twisted Fate,2
LJL,Udyr,2
LJL,Xerath,2
LJL,Fiddlesticks,1
LJL,Hecarim,1
LJL,Kennen,1
LJL,Lissandra,1
LJL,Milio,1
LJL,Samira,1
LJL,Senna,1
LJL,Talon,1
LJL,Vel'Koz,1
LJL,Vex,1
LPL,Gwen,309
LPL,Vi,307
LPL,Varus,298
LPL,Kalista,268
LPL,Rumble,252
LPL,Skarner,231
LPL,Neeko,214
LPL,Poppy,213
LPL,Yone,212
LPL,Jayce,161
LPL,Azir,156
LPL,Ezreal,148
LPL,Kai'Sa,147
LPL,Naafiri,147
LPL,Pantheon,146
LPL,Taliyah,134
LPL,Galio,127
LPL,Ryze,116
LPL,Alistar,105
LPL,Nautilus,103
LPL,Lucian,100
LPL,Rakan,98
LPL,Renekton,97
LPL,Ashe,91
LPL,Aurora,90
LPL,Sion,89
LPL,Annie,88
LPL,Miss Fortune,88
LPL,Renata Glasc,88
LPL,Sylas,81
LPL,Lillia,80
LPL,Ambessa,79
LPL,Braum,79
LPL,Trundle,79
LPL,Akali,77
LPL,Corki,77
LPL,Nocturne,77
LPL,Viktor,71
LPL,Sejuani,70
LPL,Xin Zhao,63
LPL,Wukong,62
LPL,Ahri,60
LPL,Orianna,59
LPL,Jax,57
LPL,Xayah,57
LPL,Jhin,55
LPL,Rell,50
LPL,Yorick,47
LPL,K'Sante,45
LPL,Karma,45
LPL,Leona,42
LPL,Senna,42
LPL,Draven,41
LPL,Ziggs,40
LPL,Yunara,38
LPL,Gnar,36
LPL,Sivir,36
LPL,Caitlyn,32
LPL,Ornn,32
LPL,Viego,32
LPL,Zyra,31
LPL,Nidalee,29
LPL,Jarvan IV,21
LPL,Lulu,21
LPL,Zeri,19
LPL,Jinx,18
LPL,Tristana,18
LPL,Udyr,18
LPL,LeBlanc,15
LPL,Kindred,14
LPL,Blitzcrank,13
LPL,Elise,12
LPL,Lee Sin,10
LPL,Kennen,9
LPL,Maokai,9
LPL,Smolder,9
LPL,Hwei,8
LPL,Camille,7
LPL,Gragas,7
LPL,Shen,7
LPL,Yasuo,7
LPL,Mordekaiser,5
LPL,Zed,4
LPL,Aphelios,3
LPL,Bard,3
LPL,Diana,3
LPL,Volibear,3
LPL,Zac,3
LPL,Aatrox,2
LPL,Malphite,2
LPL,Mel,2
LPL,Olaf,2
LPL,Seraphine,2
LPL,Thresh,2
LPL,Tryndamere,2
LPL,Twisted Fate,2
LPL,Yuumi,2
LPL,Ekko,1
LPL,Graves,1
LPL,Irelia,1
LPL,Karthus,1
LPL,Kassadin,1
LPL,Nilah,1
LPL,Pyke,1
LPL,Sett,1
LPL,Syndra,1
LPLOL,Gwen,41
LPLOL,Varus,38
LPLOL,Vi,34
LPLOL,Ambessa,31
LPLOL,Aurora,28
LPLOL,Jayce,28
LPLOL,Rell,28
LPLOL,Skarner,26
LPLOL,Syndra,24
LPLOL,Nautilus,23
LPLOL,Taliyah,21
LPLOL,Braum,19
LPLOL,Caitlyn,19
LPLOL,Garen,18
LPLOL,Maokai,18
LPLOL,Corki,17
LPLOL,Leona,17
LPLOL,Pantheon,17
LPLOL,Xin Zhao,17
LPLOL,Yone,16
LPLOL,Ivern,15
LPLOL,Lulu,15
LPLOL,Sylas,15
LPLOL,Mel,14
LPLOL,Orianna,14
LPLOL,Zyra,14
LPLOL,Alistar,12
LPLOL,K'Sante,12
LPLOL,Naafiri,12
LPLOL,Tristana,12
LPLOL,Janna,11
LPLOL,Poppy,11
LPLOL,Zed,11
LPLOL,Dr. Mundo,10
LPLOL,Renekton,10
LPLOL,Akali,9
LPLOL,Ezreal,9
LPLOL,Jax,9
LPLOL,Nocturne,9
LPLOL,Camille,8
LPLOL,Jarvan IV,8
LPLOL,Viego,8
LPLOL,Viktor,8
LPLOL,Zac,8
LPLOL,Ashe,7
LPLOL,Kalista,7
LPLOL,Vladimir,7
LPLOL,Wukong,7
LPLOL,Azir,6
LPLOL,Fiora,6
LPLOL,Karma,6
LPLOL,Shen,6
LPLOL,Xayah,6
LPLOL,Cassiopeia,5
LPLOL,Galio,5
LPLOL,Gnar,5
LPLOL,Hwei,5
LPLOL,Jhin,5
LPLOL,Jinx,5
LPLOL,Kai'Sa,5
LPLOL,Kindred,5
LPLOL,LeBlanc,5
LPLOL,Olaf,5
LPLOL,Ornn,5
LPLOL,Renata Glasc,5
LPLOL,Riven,5
LPLOL,Senna,5
LPLOL,Talon,5
LPLOL,Yunara,5
LPLOL,Zoe,5
LPLOL,Ahri,4
LPLOL,Blitzcrank,4
LPLOL,Cho'Gath,4
LPLOL,Irelia,4
LPLOL,Lee Sin,4
LPLOL,Miss Fortune,4
LPLOL,Rakan,4
LPLOL,Rumble,4
LPLOL,Sion,4
LPLOL,Sivir,4
LPLOL,Aatrox,3
LPLOL,Bard,3
LPLOL,Lillia,3
LPLOL,Milio,3
LPLOL,Soraka,3
LPLOL,Trundle,3
LPLOL,Zeri,3
LPLOL,Ziggs,3
LPLOL,Anivia,2
LPLOL,Bel'Veth,2
LPLOL,Elise,2
LPLOL,Fiddlesticks,2
LPLOL,Malphite,2
LPLOL,Neeko,2
LPLOL,Nidalee,2
LPLOL,Sejuani,2
LPLOL,Seraphine,2
LPLOL,Vex,2
LPLOL,Annie,1
LPLOL,Gragas,1
LPLOL,Hecarim,1
LPLOL,Kassadin,1
LPLOL,Katarina,1
LPLOL,Kennen,1
LPLOL,Lux,1
LPLOL,Morgana,1
LPLOL,Pyke,1
LPLOL,Rengar,1
LPLOL,Ryze,1
LPLOL,Sett,1
LPLOL,Swain,1
LPLOL,Tahm Kench,1
LPLOL,Thresh,1
LPLOL,Twisted Fate,1
LPLOL,Twitch,1
LPLOL,Udyr,1
LPLOL,Urgot,1
LPLOL,Volibear,1
LPLOL,Warwick,1
LPLOL,Xerath,1
LPLOL,Yasuo,1
LPLOL,Yuumi,1
LPLOL,Zilean,1
LRN,Gwen,87
LRN,Azir,51
LRN,Vi,50
LRN,Varus,45
LRN,Pantheon,43
LRN,Kalista,39
LRN,Neeko,39
LRN,Jayce,36
LRN,Braum,35
LRN,Poppy,35
LRN,Taliyah,35
LRN,Ambessa,31
LRN,Ryze,30
LRN,Sejuani,30
LRN,Orianna,26
LRN,Rumble,25
LRN,Maokai,24
LRN,Naafiri,24
LRN,Xin Zhao,24
LRN,Aurora,23
LRN,Rell,23
LRN,Trundle,22
LRN,Akali,21
LRN,Sion,21
LRN,Alistar,20
LRN,Hwei,20
LRN,Lillia,20
LRN,Viktor,17
LRN,Yone,17
LRN,Lucian,16
LRN,K'Sante,14
LRN,Nautilus,14
LRN,Renata Glasc,14
LRN,Renekton,14
LRN,Miss Fortune,13
LRN,Skarner,12
LRN,Ashe,11
LRN,Jax,11
LRN,Karma,11
LRN,Rakan,11
LRN,Tristana,11
LRN,Wukong,11
LRN,Draven,10
LRN,Ezreal,10
LRN,Galio,10
LRN,Ziggs,10
LRN,Leona,9
LRN,Zyra,9
LRN,Ahri,8
LRN,Corki,8
LRN,Camille,7
LRN,Xayah,7
LRN,Zoe,7
LRN,Jhin,6
LRN,Jarvan IV,5
LRN,Kai'Sa,5
LRN,Kayle,5
LRN,Nocturne,5
LRN,Senna,5
LRN,Seraphine,5
LRN,Sylas,5
LRN,Yorick,5
LRN,Aatrox,4
LRN,Gnar,4
LRN,Ornn,4
LRN,Urgot,4
LRN,Diana,3
LRN,Irelia,3
LRN,Karthus,3
LRN,Milio,3
LRN,Shen,3
LRN,Akshan,2
LRN,Annie,2
LRN,Cassiopeia,2
LRN,Fiora,2
LRN,Garen,2
LRN,Lulu,2
LRN,Sivir,2
LRN,Smolder,2
LRN,Syndra,2
LRN,Tahm Kench,2
LRN,Veigar,2
LRN,Viego,2
LRN,Yunara,2
LRN,Aurelion Sol,1
LRN,Gangplank,1
LRN,Gragas,1
LRN,Ivern,1
LRN,Jinx,1
LRN,Kindred,1
LRN,Kog'Maw,1
LRN,LeBlanc,1
LRN,Mel,1
LRN,Nami,1
LRN,Singed,1
LRN,Vladimir,1
LRN,Volibear,1
LRN,Yasuo,1
LRN,Zeri,1
LRS,Varus,66
LRS,Gwen,62
LRS,Pantheon,56
LRS,Sejuani,51
LRS,Neeko,50
LRS,Vi,48
LRS,Taliyah,43
LRS,Jayce,33
LRS,Ezreal,30
LRS,Kalista,29
LRS,Naafiri,29
LRS,Rumble,29
LRS,Azir,28
LRS,Tristana,26
LRS,Maokai,24
LRS,Nocturne,24
LRS,Alistar,19
LRS,Braum,18
LRS,Poppy,18
LRS,Aurora,17
LRS,Ivern,17
LRS,Lucian,17
LRS,Rakan,16
LRS,Rell,16
LRS,Renekton,16
LRS,Ambessa,15
LRS,Ashe,15
LRS,Orianna,15
LRS,Yone,15
LRS,Ryze,14
LRS,Ahri,13
LRS,Nautilus,13
LRS,Miss Fortune,12
LRS,Sion,12
LRS,Trundle,12
LRS,Wukong,12
LRS,Xin Zhao,12
LRS,Leona,11
LRS,Corki,10
LRS,Sylas,10
LRS,Akali,9
LRS,Jhin,9
LRS,Kai'Sa,9
LRS,Karma,9
LRS,Skarner,8
LRS,Caitlyn,7
LRS,Galio,7
LRS,Senna,7
LRS,Smolder,7
LRS,Annie,6
LRS,Sivir,6
LRS,Yorick,6
LRS,Zyra,6
LRS,Lulu,5
LRS,Gnar,4
LRS,Renata Glasc,4
LRS,Shen,4
LRS,Viktor,4
LRS,Xayah,4
LRS,Yasuo,4
LRS,Camille,3
LRS,Jax,3
LRS,K'Sante,3
LRS,Bard,2
LRS,Blitzcrank,2
LRS,Elise,2
LRS,Hwei,2
LRS,LeBlanc,2
LRS,Lillia,2
LRS,Nami,2
LRS,Olaf,2
LRS,Ornn,2
LRS,Seraphine,2
LRS,Twisted Fate,2
LRS,Zed,2
LRS,Aatrox,1
LRS,Aphelios,1
LRS,Irelia,1
LRS,Jarvan IV,1
LRS,Jinx,1
LRS,Lee Sin,1
LRS,Malphite,1
LRS,Milio,1
LRS,Pyke,1
LRS,Sett,1
LRS,Syndra,1
LRS,Viego,1
LRS,Volibear,1
LRS,Zoe,1
LTA,Kalista,13
LTA,Yone,10
LTA,Jayce,9
LTA,Poppy,9
LTA,Skarner,9
LTA,K'Sante,7
LTA,Taliyah,6
LTA,Varus,6
LTA,Aurora,5
LTA,Cassiopeia,5
LTA,Ivern,5
LTA,Rumble,5
LTA,Sylas,5
LTA,Zyra,5
LTA,Alistar,4
LTA,Ambessa,4
LTA,Draven,4
LTA,Vi,4
LTA,Ashe,3
LTA,Jax,3
LTA,Maokai,3
LTA,Pantheon,3
LTA,Renekton,3
LTA,Wukong,3
LTA,Ziggs,3
LTA,Azir,2
LTA,Braum,2
LTA,Camille,2
LTA,Corki,2
LTA,Elise,2
LTA,Ezreal,2
LTA,Galio,2
LTA,Gnar,2
LTA,Hwei,2
LTA,Kai'Sa,2
LTA,Leona,2
LTA,Mel,2
LTA,Miss Fortune,2
LTA,Nocturne,2
LTA,Viktor,2
LTA,Akali,1
LTA,Aurelion Sol,1
LTA,Bard,1
LTA,Caitlyn,1
LTA,Gangplank,1
LTA,Gragas,1
LTA,Jarvan IV,1
LTA,Karma,1
LTA,Lillia,1
LTA,Nautilus,1
LTA,Renata Glasc,1
LTA,Ryze,1
LTA,Urgot,1
LTA,Xayah,1
LTA N,Yone,97
LTA N,Vi,89
LTA N,Kalista,71
LTA N,Varus,68
LTA N,Gwen,62
LTA N,Poppy,62
LTA N,Pantheon,48
LTA N,Jayce,47
LTA N,Rumble,46
LTA N,Neeko,43
LTA N,Ezreal,41
LTA N,Azir,38
LTA N,Taliyah,33
LTA N,Skarner,28
LTA N,Ambessa,27
LTA N,Lucian,27
LTA N,Naafiri,27
LTA N,Aurora,25
LTA N,Alistar,23
LTA N,Bard,23
LTA N,Kai'Sa,22
LTA N,Nautilus,21
LTA N,Cassiopeia,19
LTA N,Braum,18
LTA N,Yorick,18
LTA N,Rakan,17
LTA N,Sejuani,17
LTA N,Sion,17
LTA N,Ziggs,17
LTA N,Corki,16
LTA N,Karma,16
LTA N,Ivern,15
LTA N,Miss Fortune,15
LTA N,Galio,14
LTA N,Renekton,14
LTA N,Sivir,14
LTA N,Sylas,14
LTA N,Nocturne,13
LTA N,Senna,13
LTA N,Jhin,12
LTA N,K'Sante,12
LTA N,Orianna,12
LTA N,Trundle,12
LTA N,Ahri,11
LTA N,Akali,11
LTA N,Ryze,11
LTA N,Annie,10
LTA N,Jax,10
LTA N,Xin Zhao,10
LTA N,Gnar,9
LTA N,Renata Glasc,9
LTA N,Zyra,9
LTA N,Ashe,8
LTA N,Ornn,7
LTA N,Rell,7
LTA N,Xayah,7
LTA N,Caitlyn,6
LTA N,Leona,6
LTA N,Wukong,6
LTA N,Camille,5
LTA N,Viktor,5
LTA N,Elise,4
LTA N,Lillia,4
LTA N,Lulu,4
LTA N,Sett,4
LTA N,Tristana,4
LTA N,Yunara,4
LTA N,Jarvan IV,3
LTA N,Kindred,3
LTA N,Maokai,3
LTA N,Smolder,3
LTA N,Viego,3
LTA N,Gragas,2
LTA N,Hwei,2
LTA N,Aatrox,1
LTA N,Amumu,1
LTA N,Aphelios,1
LTA N,Blitzcrank,1
LTA N,Dr. Mundo,1
LTA N,Draven,1
LTA N,Irelia,1
LTA N,Jinx,1
LTA N,Lee Sin,1
LTA N,Olaf,1
LTA N,Riven,1
LTA N,Shen,1
LTA N,Swain,1
LTA N,Tahm Kench,1
LTA N,Vladimir,1
LTA S,Varus,111
LTA S,Yone,78
LTA S,Kalista,77
LTA S,Gwen,71
LTA S,Azir,53
LTA S,Jayce,51
LTA S,Vi,48
LTA S,Sejuani,46
LTA S,Rumble,45
LTA S,Taliyah,43
LTA S,Skarner,42
LTA S,Ashe,41
LTA S,Lucian,34
LTA S,Pantheon,34
LTA S,Neeko,33
LTA S,Jax,32
LTA S,Nautilus,29
LTA S,Nocturne,29
LTA S,Poppy,28
LTA S,Miss Fortune,27
LTA S,Alistar,26
LTA S,Ambessa,26
LTA S,Braum,25
LTA S,Ezreal,25
LTA S,Maokai,25
LTA S,Ahri,24
LTA S,Kai'Sa,23
LTA S,Karma,19
LTA S,Orianna,19
LTA S,Aurora,18
LTA S,K'Sante,15
LTA S,Naafiri,15
LTA S,Xin Zhao,15
LTA S,Akali,14
LTA S,Camille,14
LTA S,Rakan,14
LTA S,Xayah,14
LTA S,Annie,13
LTA S,Trundle,13
LTA S,Corki,12
LTA S,Renekton,12
LTA S,Sylas,12
LTA S,Wukong,12
LTA S,Ivern,11
LTA S,Viktor,11
LTA S,Jhin,10
LTA S,Ryze,10
LTA S,Caitlyn,9
LTA S,Leona,9
LTA S,Senna,9
LTA S,Lillia,8
LTA S,Zyra,8
LTA S,Gnar,7
LTA S,Olaf,7
LTA S,Jarvan IV,6
LTA S,Lulu,6
LTA S,Sion,6
LTA S,Sivir,6
LTA S,Galio,5
LTA S,Rell,5
LTA S,Cassiopeia,4
LTA S,Elise,4
LTA S,Yorick,4
LTA S,Yunara,4
LTA S,Aatrox,3
LTA S,Draven,3
LTA S,Nidalee,3
LTA S,Renata Glasc,3
LTA S,Seraphine,3
LTA S,Tristana,3
LTA S,Zeri,3
LTA S,Ziggs,3
LTA S,Bard,2
LTA S,Hwei,2
LTA S,Irelia,2
LTA S,Jinx,2
LTA S,LeBlanc,2
LTA S,Lee Sin,2
LTA S,Smolder,2
LTA S,Syndra,2
LTA S,Thresh,2
LTA S,Blitzcrank,1
LTA S,Fiora,1
LTA S,Janna,1
LTA S,Lux,1
LTA S,Mel,1
LTA S,Mordekaiser,1
LTA S,Nami,1
LTA S,Ornn,1
LTA S,Sett,1
LTA S,Viego,1
LTA S,Vladimir,1
LTA S,Volibear,1
LTA S,Xerath,1
LVP SL,Gwen,105
LVP SL,Vi,103
LVP SL,Varus,100
LVP SL,Rumble,79
LVP SL,Ambessa,77
LVP SL,Ezreal,71
LVP SL,Pantheon,71
LVP SL,Skarner,67
LVP SL,Kalista,66
LVP SL,Maokai,64
LVP SL,Nocturne,59
LVP SL,Azir,57
LVP SL,Orianna,56
LVP SL,Poppy,56
LVP SL,Taliyah,47
LVP SL,Alistar,44
LVP SL,Yone,44
LVP SL,Corki,41
LVP SL,Jayce,41
LVP SL,Rell,36
LVP SL,Sion,36
LVP SL,Ahri,35
LVP SL,Braum,35
LVP SL,Nautilus,34
LVP SL,K'Sante,33
LVP SL,Rakan,32
LVP SL,Wukong,32
LVP SL,Xin Zhao,31
LVP SL,Miss Fortune,29
LVP SL,Trundle,27
LVP SL,Viktor,27
LVP SL,Leona,25
LVP SL,Sejuani,25
LVP SL,Naafiri,23
LVP SL,Ornn,23
LVP SL,Aurora,22
LVP SL,Sivir,21
LVP SL,Jax,20
LVP SL,Kai'Sa,19
LVP SL,Lucian,19
LVP SL,Sylas,19
LVP SL,Jarvan IV,18
LVP SL,Jhin,18
LVP SL,Viego,17
LVP SL,Zyra,17
LVP SL,Ashe,16
LVP SL,Akali,15
LVP SL,Renekton,15
LVP SL,Xayah,15
LVP SL,Lee Sin,14
LVP SL,Neeko,14
LVP SL,Syndra,14
LVP SL,Galio,13
LVP SL,Gnar,13
LVP SL,Kindred,13
LVP SL,Lux,13
LVP SL,Ryze,13
LVP SL,Yorick,13
LVP SL,Aatrox,11
LVP SL,Camille,10
LVP SL,Ivern,10
LVP SL,Shen,10
LVP SL,Renata Glasc,9
LVP SL,Bard,8
LVP SL,Caitlyn,8
LVP SL,Darius,8
LVP SL,Hwei,8
LVP SL,Malphite,8
LVP SL,Mel,8
LVP SL,Yunara,8
LVP SL,Draven,7
LVP SL,Lillia,7
LVP SL,Lulu,7
LVP SL,Nidalee,7
LVP SL,Smolder,7
LVP SL,Ziggs,7
LVP SL,Jinx,6
LVP SL,Tristana,6
LVP SL,Annie,5
LVP SL,Pyke,5
LVP SL,Aurelion Sol,3
LVP SL,Fiddlesticks,3
LVP SL,LeBlanc,3
LVP SL,Zeri,3
LVP SL,Cho'Gath,2
LVP SL,Gragas,2
LVP SL,Taric,2
LVP SL,Twitch,2
LVP SL,Brand,1
LVP SL,Cassiopeia,1
LVP SL,Dr. Mundo,1
LVP SL,Irelia,1
LVP SL,Karma,1
LVP SL,Kennen,1
LVP SL,Nami,1
LVP SL,Olaf,1
LVP SL,Seraphine,1
LVP SL,Tahm Kench,1
LVP SL,Thresh,1
LVP SL,Udyr,1
LVP SL,Vayne,1
LVP SL,Yasuo,1
LVP SL,Yuumi,1
LVP SL,Zac,1
MSI,Twisted Fate,45
MSI,Varus,41
MSI,Azir,35
MSI,Pantheon,33
MSI,Gwen,29
MSI,Taliyah,26
MSI,Vi,24
MSI,Maokai,21
MSI,Nocturne,21
MSI,Lucian,19
MSI,Poppy,19
MSI,Kalista,18
MSI,Rumble,17
MSI,Miss Fortune,15
MSI,Alistar,14
MSI,Cassiopeia,13
MSI,Jayce,13
MSI,Yone,13
MSI,Kai'Sa,12
MSI,Sion,12
MSI,Annie,11
MSI,Caitlyn,11
MSI,Rakan,11
MSI,Renata Glasc,11
MSI,Renekton,11
MSI,Sylas,11
MSI,Trundle,11
MSI,Ambessa,10
MSI,Bard,10
MSI,Ezreal,10
MSI,Galio,10
MSI,Neeko,10
MSI,Braum,9
MSI,Jax,9
MSI,Lee Sin,9
MSI,Nautilus,9
MSI,Xayah,9
MSI,Yorick,9
MSI,Ahri,8
MSI,Orianna,8
MSI,Skarner,8
MSI,Aurora,7
MSI,Leona,7
MSI,Ryze,7
MSI,Sejuani,7
MSI,Senna,7
MSI,Viktor,7
MSI,Akali,6
MSI,Karma,6
MSI,Rell,6
MSI,Wukong,6
MSI,Blitzcrank,5
MSI,Corki,5
MSI,Draven,5
MSI,Xin Zhao,5
MSI,Ziggs,5
MSI,Camille,4
MSI,Gragas,4
MSI,Jhin,4
MSI,Ornn,4
MSI,Tahm Kench,4
MSI,K'Sante,3
MSI,Lulu,3
MSI,Nidalee,3
MSI,Sivir,3
MSI,Yasuo,3
MSI,Zed,3
MSI,Zeri,3
MSI,Dr. Mundo,2
MSI,Elise,2
MSI,Hwei,2
MSI,Jarvan IV,2
MSI,Jinx,2
MSI,Smolder,2
MSI,Aatrox,1
MSI,Gnar,1
MSI,Kennen,1
MSI,LeBlanc,1
MSI,Naafiri,1
MSI,Nami,1
MSI,Olaf,1
MSI,Pyke,1
MSI,Syndra,1
MSI,Tristana,1
MSI,Warwick,1
NACL,Gwen,116
NACL,Azir,102
NACL,Varus,98
NACL,Vi,84
NACL,Jayce,68
NACL,Lucian,67
NACL,Pantheon,67
NACL,Rumble,67
NACL,Taliyah,61
NACL,Jax,59
NACL,Kalista,53
NACL,Naafiri,52
NACL,Poppy,45
NACL,Neeko,44
NACL,Braum,43
NACL,Maokai,39
NACL,Rakan,39
NACL,Ryze,39
NACL,Yone,37
NACL,Orianna,36
NACL,Tristana,36
NACL,Alistar,34
NACL,Ezreal,33
NACL,Zoe,33
NACL,Ambessa,32
NACL,Aurora,32
NACL,Miss Fortune,32
NACL,Nautilus,27
NACL,Viktor,26
NACL,Corki,25
NACL,Jhin,24
NACL,Karma,23
NACL,Sion,23
NACL,Hwei,21
NACL,Renekton,20
NACL,Shen,20
NACL,Xayah,19
NACL,Rell,18
NACL,Trundle,18
NACL,Xin Zhao,17
NACL,Sejuani,16
NACL,Wukong,16
NACL,Kai'Sa,15
NACL,Lulu,15
NACL,Ahri,14
NACL,Gnar,14
NACL,Skarner,14
NACL,Sylas,14
NACL,Camille,13
NACL,Leona,13
NACL,Zyra,13
NACL,Darius,11
NACL,Senna,11
NACL,Caitlyn,10
NACL,Nocturne,10
NACL,Syndra,10
NACL,Akali,9
NACL,Ashe,9
NACL,Kindred,9
NACL,Galio,8
NACL,Lillia,8
NACL,Olaf,8
NACL,Jarvan IV,7
NACL,Renata Glasc,7
NACL,Yorick,7
NACL,Ziggs,7
NACL,Aatrox,6
NACL,Aphelios,6
NACL,Bard,6
NACL,Ivern,6
NACL,Yunara,6
NACL,Anivia,5
NACL,LeBlanc,5
NACL,Nami,5
NACL,Smolder,5
NACL,Kha'Zix,4
NACL,Riven,4
NACL,Sivir,4
NACL,Soraka,4
NACL,Warwick,4
NACL,Cassiopeia,3
NACL,Cho'Gath,3
NACL,Dr. Mundo,3
NACL,Gragas,3
NACL,K'Sante,3
NACL,Zed,3
NACL,Annie,2
NACL,Blitzcrank,2
NACL,Garen,2
NACL,Jinx,2
NACL,Lissandra,2
NACL,Lux,2
NACL,Malphite,2
NACL,Milio,2
NACL,Mordekaiser,2
NACL,Nidalee,2
NACL,Pyke,2
NACL,Seraphine,2
NACL,Sett,2
NACL,Zeri,2
NACL,Elise,1
NACL,Gangplank,1
NACL,Irelia,1
NACL,Kennen,1
NACL,Kog'Maw,1
NACL,Mel,1
NACL,Ornn,1
NACL,Tahm Kench,1
NACL,Taric,1
NACL,Tryndamere,1
NACL,Udyr,1
NACL,Vayne,1
NACL,Volibear,1
NACL,Yasuo,1
NACL,Zac,1
NEXO,Ambessa,66
NEXO,Gwen,53
NEXO,Varus,51
NEXO,Corki,50
NEXO,Skarner,48
NEXO,Yone,47
NEXO,Braum,44
NEXO,Rell,43
NEXO,Ezreal,40
NEXO,Naafiri,39
NEXO,Tristana,39
NEXO,Maokai,36
NEXO,Pantheon,36
NEXO,Aurora,35
NEXO,Ivern,35
NEXO,Vi,35
NEXO,Taliyah,33
NEXO,Ahri,31
NEXO,Syndra,30
NEXO,Hwei,28
NEXO,Mel,28
NEXO,Gragas,27
NEXO,Jayce,27
NEXO,Leona,27
NEXO,Poppy,24
NEXO,Zyra,23
NEXO,Alistar,19
NEXO,K'Sante,19
NEXO,Sejuani,19
NEXO,Viktor,19
NEXO,Nautilus,18
NEXO,Orianna,18
NEXO,Viego,17
NEXO,Sion,16
NEXO,Olaf,15
NEXO,Rumble,15
NEXO,Akali,14
NEXO,Miss Fortune,14
NEXO,Udyr,14
NEXO,Yorick,14
NEXO,Zoe,14
NEXO,Kindred,13
NEXO,Azir,12
NEXO,Rakan,12
NEXO,Renekton,12
NEXO,Sylas,12
NEXO,Neeko,11
NEXO,Kalista,10
NEXO,Senna,10
NEXO,Gnar,9
NEXO,Xin Zhao,9
NEXO,Lulu,8
NEXO,Shen,8
NEXO,Darius,7
NEXO,Renata Glasc,7
NEXO,Amumu,6
NEXO,Fiora,6
NEXO,Wukong,6
NEXO,Camille,5
NEXO,LeBlanc,5
NEXO,Nocturne,5
NEXO,Ornn,5
NEXO,Yasuo,5
NEXO,Ashe,4
NEXO,Bard,4
NEXO,Draven,4
NEXO,Irelia,4
NEXO,Jarvan IV,4
NEXO,Jinx,4
NEXO,Kai'Sa,4
NEXO,Lillia,4
NEXO,Milio,4
NEXO,Urgot,4
NEXO,Vayne,4
NEXO,Xayah,4
NEXO,Bel'Veth,3
NEXO,Karma,3
NEXO,Nami,3
NEXO,Nidalee,3
NEXO,Rengar,3
NEXO,Trundle,3
NEXO,Volibear,3
NEXO,Warwick,3
NEXO,Blitzcrank,2
NEXO,Caitlyn,2
NEXO,Jax,2
NEXO,Smolder,2
NEXO,Swain,2
NEXO,Taric,2
NEXO,Ziggs,2
NEXO,Aatrox,1
NEXO,Aphelios,1
NEXO,Cho'Gath,1
NEXO,Dr. Mundo,1
NEXO,Elise,1
NEXO,Fiddlesticks,1
NEXO,Garen,1
NEXO,Kennen,1
NEXO,Lucian,1
NEXO,Lux,1
NEXO,Rek'Sai,1
NEXO,Ryze,1
NEXO,Samira,1
NEXO,Sett,1
NEXO,Shaco,1
NEXO,Sivir,1
NEXO,Thresh,1
NEXO,Xerath,1
NEXO,Zeri,1
NLC,Rumble,97
NLC,Varus,80
NLC,Gwen,70
NLC,Corki,64
NLC,Kalista,62
NLC,Skarner,59
NLC,Braum,55
NLC,Azir,54
NLC,Pantheon,53
NLC,Poppy,51
NLC,Jayce,45
NLC,K'Sante,41
NLC,Maokai,40
NLC,Ambessa,39
NLC,Alistar,37
NLC,Rell,37
NLC,Vi,33
NLC,Leona,31
NLC,Miss Fortune,31
NLC,Nautilus,30
NLC,Rakan,30
NLC,Draven,29
NLC,Sion,27
NLC,Viktor,27
NLC,Aurora,26
NLC,Galio,26
NLC,Syndra,26
NLC,Orianna,25
NLC,Yone,25
NLC,Gnar,24
NLC,Gragas,22
NLC,Ezreal,21
NLC,Gangplank,19
NLC,Renekton,19
NLC,Dr. Mundo,18
NLC,Rengar,18
NLC,Teemo,18
NLC,Sejuani,17
NLC,Tristana,17
NLC,Ashe,16
NLC,Viego,16
NLC,Lucian,15
NLC,Taliyah,15
NLC,Neeko,14
NLC,Sylas,14
NLC,Ahri,13
NLC,Naafiri,13
NLC,Hwei,12
NLC,Jarvan IV,12
NLC,Jhin,12
NLC,Swain,12
NLC,Wukong,12
NLC,Xin Zhao,12
NLC,Akali,11
NLC,Cho'Gath,11
NLC,Ornn,11
NLC,Renata Glasc,11
NLC,Fiora,10
NLC,Nocturne,10
NLC,Volibear,10
NLC,Yorick,10
NLC,Kai'Sa,9
NLC,Shen,9
NLC,Ziggs,9
NLC,Zyra,9
NLC,Caitlyn,8
NLC,Ivern,8
NLC,Karma,8
NLC,Lulu,8
NLC,Bard,7
NLC,Camille,7
NLC,Jax,7
NLC,Lillia,7
NLC,Nunu & Willump,7
NLC,Xayah,7
NLC,Aatrox,6
NLC,Cassiopeia,6
NLC,Jinx,6
NLC,Mel,6
NLC,Olaf,6
NLC,Trundle,6
NLC,Kennen,5
NLC,Sivir,5
NLC,Smolder,5
NLC,Yunara,5
NLC,Darius,4
NLC,Irelia,4
NLC,Janna,4
NLC,Milio,4
NLC,Riven,4
NLC,Xerath,4
NLC,Zeri,4
NLC,Fiddlesticks,3
NLC,Thresh,3
NLC,Twitch,3
NLC,LeBlanc,2
NLC,Pyke,2
NLC,Seraphine,2
NLC,Zac,2
NLC,Zed,2
NLC,Zoe,2
NLC,Akshan,1
NLC,Annie,1
NLC,Aphelios,1
NLC,Blitzcrank,1
NLC,Brand,1
NLC,Ekko,1
NLC,Garen,1
NLC,Kindred,1
NLC,Kled,1
NLC,Lee Sin,1
NLC,Malphite,1
NLC,Morgana,1
NLC,Nami,1
NLC,Nidalee,1
NLC,Nilah,1
NLC,Quinn,1
NLC,Ryze,1
NLC,Senna,1
NLC,Sona,1
NLC,Udyr,1
NLC,Vel'Koz,1
NLC,Yuumi,1
PCS,Kalista,139
PCS,Rumble,127
PCS,Varus,116
PCS,Pantheon,113
PCS,Vi,110
PCS,Azir,87
PCS,Skarner,82
PCS,Naafiri,79
PCS,Neeko,73
PCS,Taliyah,73
PCS,Poppy,72
PCS,Jayce,64
PCS,Gwen,61
PCS,Nocturne,61
PCS,Zyra,57
PCS,Viego,45
PCS,Ambessa,44
PCS,Aurora,44
PCS,Yone,42
PCS,Ezreal,41
PCS,Sejuani,36
PCS,Ryze,35
PCS,Galio,33
PCS,Karma,33
PCS,Lucian,32
PCS,Miss Fortune,32
PCS,Rakan,32
PCS,Renata Glasc,32
PCS,Xin Zhao,32
PCS,Nautilus,31
PCS,Rell,31
PCS,Nidalee,29
PCS,Ashe,28
PCS,Maokai,28
PCS,Alistar,26
PCS,Braum,26
PCS,Corki,26
PCS,Elise,25
PCS,Orianna,24
PCS,Yorick,24
PCS,Jax,23
PCS,K'Sante,23
PCS,Ahri,22
PCS,Kai'Sa,22
PCS,Sion,22
PCS,Lee Sin,20
PCS,Leona,20
PCS,Viktor,19
PCS,Xayah,19
PCS,Renekton,18
PCS,Irelia,17
PCS,Akali,16
PCS,Draven,15
PCS,Annie,14
PCS,Sylas,14
PCS,Lillia,13
PCS,Mel,13
PCS,Zoe,13
PCS,Blitzcrank,12
PCS,Jhin,12
PCS,Ziggs,12
PCS,LeBlanc,10
PCS,Tristana,10
PCS,Seraphine,9
PCS,Graves,8
PCS,Taric,8
PCS,Wukong,8
PCS,Bard,6
PCS,Smolder,6
PCS,Camille,5
PCS,Gnar,5
PCS,Kindred,5
PCS,Nami,5
PCS,Pyke,5
PCS,Sivir,5
PCS,Aatrox,4
PCS,Jarvan IV,4
PCS,Syndra,4
PCS,Vladimir,4
PCS,Yasuo,4
PCS,Caitlyn,3
PCS,Darius,3
PCS,Fiora,3
PCS,Gragas,3
PCS,Hwei,3
PCS,Kennen,3
PCS,Lulu,3
PCS,Nunu & Willump,3
PCS,Ornn,3
PCS,Senna,3
PCS,Amumu,2
PCS,Jinx,2
PCS,Milio,2
PCS,Shen,2
PCS,Trundle,2
PCS,Twisted Fate,2
PCS,Udyr,2
PCS,Zeri,2
PCS,Aphelios,1
PCS,Diana,1
PCS,Ivern,1
PCS,Lux,1
PCS,Olaf,1
PCS,Shaco,1
PCS,Tryndamere,1
PCS,Volibear,1
PCS,Yunara,1
PCS,Zed,1
PRM,Rumble,120
PRM,Varus,120
PRM,Vi,110
PRM,Gwen,108
PRM,Azir,92
PRM,Poppy,79
PRM,Ambessa,71
PRM,Pantheon,71
PRM,Orianna,68
PRM,Kalista,64
PRM,Taliyah,62
PRM,Maokai,58
PRM,Skarner,58
PRM,Nocturne,57
PRM,Jayce,52
PRM,Viktor,50
PRM,Ezreal,49
PRM,Jarvan IV,47
PRM,Xin Zhao,47
PRM,Nautilus,46
PRM,Rakan,45
PRM,Rell,45
PRM,Shen,44
PRM,Yone,44
PRM,Braum,43
PRM,Akshan,38
PRM,Corki,35
PRM,Leona,35
PRM,Ahri,33
PRM,Naafiri,33
PRM,Alistar,32
PRM,Sion,32
PRM,Bel'Veth,30
PRM,Cassiopeia,30
PRM,Aurora,26
PRM,Jax,26
PRM,K'Sante,26
PRM,Sejuani,26
PRM,Kai'Sa,25
PRM,Akali,23
PRM,Lillia,23
PRM,Miss Fortune,23
PRM,Syndra,23
PRM,Tristana,23
PRM,Xayah,23
PRM,Galio,22
PRM,Viego,22
PRM,Wukong,22
PRM,Jhin,21
PRM,Gnar,20
PRM,Hwei,19
PRM,Neeko,19
PRM,Jinx,18
PRM,Trundle,18
PRM,Elise,17
PRM,Ornn,17
PRM,Fiddlesticks,16
PRM,Lucian,16
PRM,Renekton,16
PRM,Ashe,15
PRM,Ivern,15
PRM,Lulu,15
PRM,Mel,15
PRM,Annie,14
PRM,Caitlyn,13
PRM,Karma,13
PRM,Renata Glasc,13
PRM,Sivir,13
PRM,Bard,12
PRM,Pyke,12
PRM,Zyra,12
PRM,Kindred,11
PRM,Malphite,11
PRM,Ryze,11
PRM,Sylas,11
PRM,Aatrox,9
PRM,Fiora,7
PRM,Seraphine,7
PRM,Sett,7
PRM,Yorick,7
PRM,Kha'Zix,5
PRM,Yunara,5
PRM,Blitzcrank,4
PRM,Camille,4
PRM,Gragas,4
PRM,Kennen,4
PRM,Senna,4
PRM,Thresh,4
PRM,Aphelios,3
PRM,Cho'Gath,3
PRM,Smolder,3
PRM,Taric,3
PRM,Volibear,3
PRM,Darius,2
PRM,LeBlanc,2
PRM,Milio,2
PRM,Nidalee,2
PRM,Quinn,2
PRM,Ziggs,2
PRM,Amumu,1
PRM,Aurelion Sol,1
PRM,Diana,1
PRM,Dr. Mundo,1
PRM,Draven,1
PRM,Garen,1
PRM,Irelia,1
PRM,Karthus,1
PRM,Kog'Maw,1
PRM,Lux,1
PRM,Nilah,1
PRM,Nunu & Willump,1
PRM,Olaf,1
PRM,Tahm Kench,1
PRM,Vex,1
PRM,Xerath,1
PRM,Yuumi,1
PRM,Zeri,1
PRMP,Gwen,38
PRMP,Varus,22
PRMP,Braum,21
PRMP,Naafiri,21
PRMP,Jayce,19
PRMP,Taliyah,18
PRMP,Vi,18
PRMP,Orianna,16
PRMP,Yone,16
PRMP,Azir,15
PRMP,Poppy,15
PRMP,Alistar,14
PRMP,Nautilus,14
PRMP,Rell,14
PRMP,Tristana,14
PRMP,Ezreal,13
PRMP,Kalista,13
PRMP,Ivern,12
PRMP,Leona,12
PRMP,Pyke,12
PRMP,Nocturne,11
PRMP,Ambessa,10
PRMP,Pantheon,10
PRMP,Syndra,10
PRMP,Corki,9
PRMP,Hwei,9
PRMP,Gnar,8
PRMP,Kai'Sa,8
PRMP,Maokai,8
PRMP,Renekton,8
PRMP,Shen,7
PRMP,Sion,7
PRMP,Aatrox,6
PRMP,Bel'Veth,6
PRMP,Cassiopeia,6
PRMP,Karma,6
PRMP,Kindred,6
PRMP,Malphite,6
PRMP,Ornn,6
PRMP,Rumble,6
PRMP,Skarner,6
PRMP,Viego,6
PRMP,Akshan,5
PRMP,Ashe,5
PRMP,Jarvan IV,5
PRMP,Lulu,5
PRMP,Miss Fortune,5
PRMP,Nunu & Willump,5
PRMP,Rakan,5
PRMP,Sylas,5
PRMP,Wukong,5
PRMP,Yorick,5
PRMP,Zyra,5
PRMP,Ahri,4
PRMP,Akali,4
PRMP,Anivia,4
PRMP,Fiddlesticks,4
PRMP,Galio,4
PRMP,Jinx,4
PRMP,K'Sante,4
PRMP,Lucian,4
PRMP,Renata Glasc,4
PRMP,Sejuani,4
PRMP,Viktor,4
PRMP,Xayah,4
PRMP,Aurora,3
PRMP,Bard,3
PRMP,Camille,3
PRMP,Cho'Gath,3
PRMP,Elise,3
PRMP,Fiora,3
PRMP,Jhin,3
PRMP,Karthus,3
PRMP,Mel,3
PRMP,Ryze,3
PRMP,Sett,3
PRMP,Udyr,3
PRMP,Vex,3
PRMP,Brand,2
PRMP,Gragas,2
PRMP,Heimerdinger,2
PRMP,Lee Sin,2
PRMP,Malzahar,2
PRMP,Olaf,2
PRMP,Shyvana,2
PRMP,Sivir,2
PRMP,Thresh,2
PRMP,Trundle,2
PRMP,Xin Zhao,2
PRMP,Yasuo,2
PRMP,Aphelios,1
PRMP,Blitzcrank,1
PRMP,Darius,1
PRMP,Dr. Mundo,1
PRMP,Irelia,1
PRMP,Jax,1
PRMP,LeBlanc,1
PRMP,Lillia,1
PRMP,Lux,1
PRMP,Milio,1
PRMP,Neeko,1
PRMP,Nidalee,1
PRMP,Rengar,1
PRMP,Seraphine,1
PRMP,Smolder,1
PRMP,Soraka,1
PRMP,Twitch,1
PRMP,Vladimir,1
PRMP,Volibear,1
PRMP,Yunara,1
RL,Jayce,87
RL,Varus,75
RL,Rumble,74
RL,Gwen,72
RL,Pantheon,68
RL,Yone,63
RL,Orianna,62
RL,K'Sante,61
RL,Ivern,60
RL,Maokai,59
RL,Azir,55
RL,Ambessa,50
RL,Vi,48
RL,Naafiri,40
RL,Corki,39
RL,Zyra,38
RL,Viego,36
RL,Skarner,35
RL,Poppy,34
RL,Kalista,33
RL,Aurora,32
RL,Braum,32
RL,Akali,29
RL,Ezreal,28
RL,Nautilus,28
RL,Jax,27
RL,Viktor,27
RL,Lulu,26
RL,Sejuani,25
RL,Alistar,24
RL,Kai'Sa,24
RL,Taliyah,24
RL,Rell,23
RL,Jarvan IV,22
RL,Ashe,20
RL,Rakan,20
RL,Renekton,20
RL,Wukong,20
RL,Ahri,19
RL,Leona,19
RL,Miss Fortune,19
RL,Syndra,16
RL,Annie,15
RL,Gnar,15
RL,Mel,15
RL,Ornn,15
RL,Hwei,14
RL,Lillia,14
RL,Nocturne,14
RL,Sion,14
RL,Xin Zhao,14
RL,Ziggs,14
RL,Lucian,13
RL,Jhin,12
RL,Sylas,11
RL,Camille,10
RL,Cho'Gath,10
RL,Fiora,10
RL,Tristana,10
RL,Amumu,9
RL,Neeko,9
RL,Trundle,9
RL,Xayah,9
RL,Renata Glasc,8
RL,Ryze,8
RL,Galio,7
RL,Karma,7
RL,Kennen,7
RL,Nidalee,7
RL,Shyvana,7
RL,Yasuo,7
RL,Aatrox,6
RL,Caitlyn,6
RL,Darius,6
RL,Jinx,6
RL,Malphite,6
RL,Pyke,6
RL,Blitzcrank,5
RL,Lee Sin,5
RL,Shen,5
RL,Smolder,5
RL,Swain,5
RL,Xerath,5
RL,Yorick,5
RL,Fiddlesticks,4
RL,Olaf,4
RL,Bard,3
RL,Bel'Veth,3
RL,Dr. Mundo,3
RL,Elise,3
RL,LeBlanc,3
RL,Lux,3
RL,Seraphine,3
RL,Vel'Koz,3
RL,Volibear,3
RL,Draven,2
RL,Gangplank,2
RL,Garen,2
RL,Irelia,2
RL,Tahm Kench,2
RL,Thresh,2
RL,Vex,2
RL,Yunara,2
RL,Gragas,1
RL,Hecarim,1
RL,Kha'Zix,1
RL,Mordekaiser,1
RL,Nami,1
RL,Senna,1
RL,Sett,1
RL,Sivir,1
RL,Soraka,1
RL,Talon,1
RL,Twisted Fate,1
RL,Twitch,1
RL,Udyr,1
RL,Vayne,1
RL,Vladimir,1
RL,Yuumi,1
RL,Zeri,1
ROL,Gwen,68
ROL,Vi,59
ROL,Azir,50
ROL,Nocturne,45
ROL,Syndra,44
ROL,Rumble,43
ROL,Naafiri,41
ROL,Braum,40
ROL,Varus,40
ROL,Jayce,39
ROL,Pantheon,38
ROL,Skarner,38
ROL,Draven,36
ROL,Orianna,36
ROL,Poppy,36
ROL,Aurora,33
ROL,Rell,33
ROL,Corki,30
ROL,Zyra,30
ROL,Viktor,28
ROL,Ambessa,27
ROL,Viego,27
ROL,Leona,26
ROL,Tristana,26
ROL,Maokai,25
ROL,Nautilus,25
ROL,Yone,25
ROL,Zac,24
ROL,Alistar,23
ROL,Darius,22
ROL,Sejuani,22
ROL,Taliyah,22
ROL,Jarvan IV,19
ROL,Xin Zhao,18
ROL,Fiora,17
ROL,Kalista,17
ROL,Renekton,17
ROL,Olaf,16
ROL,Neeko,15
ROL,Ornn,15
ROL,Rakan,15
ROL,Sion,14
ROL,Sivir,14
ROL,Garen,13
ROL,K'Sante,13
ROL,Kai'Sa,13
ROL,Lulu,13
ROL,Mel,13
ROL,Ezreal,12
ROL,Ivern,12
ROL,Karma,12
ROL,Miss Fortune,12
ROL,Rek'Sai,12
ROL,Ziggs,12
ROL,Gnar,11
ROL,Lillia,11
ROL,Wukong,11
ROL,Bard,10
ROL,Hwei,10
ROL,Jax,10
ROL,Volibear,10
ROL,Ahri,9
ROL,Jhin,9
ROL,Jinx,9
ROL,Pyke,9
ROL,Yorick,9
ROL,Aatrox,8
ROL,Nidalee,8
ROL,Renata Glasc,8
ROL,Sett,8
ROL,Trundle,8
ROL,Ashe,7
ROL,Blitzcrank,7
ROL,Galio,7
ROL,Heimerdinger,7
ROL,Elise,6
ROL,Gragas,6
ROL,LeBlanc,6
ROL,Ryze,6
ROL,Shen,6
ROL,Yunara,6
ROL,Anivia,5
ROL,Camille,5
ROL,Lucian,5
ROL,Malphite,5
ROL,Bel'Veth,4
ROL,Lux,4
ROL,Nami,4
ROL,Seraphine,4
ROL,Sylas,4
ROL,Kindred,3
ROL,Xayah,3
ROL,Akali,2
ROL,Amumu,2
ROL,Caitlyn,2
ROL,Cho'Gath,2
ROL,Janna,2
ROL,Milio,2
ROL,Rengar,2
ROL,Smolder,2
ROL,Tryndamere,2
ROL,Yasuo,2
ROL,Aphelios,1
ROL,Fiddlesticks,1
ROL,Irelia,1
ROL,Kennen,1
ROL,Nasus,1
ROL,Riven,1
ROL,Senna,1
ROL,Taric,1
ROL,Twitch,1
ROL,Vayne,1
ROL,Xerath,1
ROL,Yuumi,1
ROL,Zeri,1
ROL,Zilean,1
TCL,Varus,102
TCL,Jayce,97
TCL,Sejuani,88
TCL,Skarner,88
TCL,Kalista,76
TCL,Vi,67
TCL,Rumble,66
TCL,Gwen,65
TCL,Ambessa,58
TCL,Taliyah,56
TCL,Yone,56
TCL,Pantheon,55
TCL,Azir,50
TCL,Poppy,49
TCL,Ezreal,48
TCL,Maokai,47
TCL,Orianna,45
TCL,Corki,41
TCL,Braum,34
TCL,Rell,34
TCL,Xin Zhao,33
TCL,Nautilus,32
TCL,Zyra,32
TCL,Naafiri,30
TCL,Rakan,30
TCL,Alistar,28
TCL,K'Sante,28
TCL,Kai'Sa,25
TCL,Miss Fortune,25
TCL,Ahri,24
TCL,Leona,24
TCL,Aurora,23
TCL,Neeko,23
TCL,Hwei,20
TCL,Renekton,19
TCL,Sylas,19
TCL,Akali,18
TCL,Sion,15
TCL,Renata Glasc,14
TCL,Xayah,14
TCL,Nocturne,13
TCL,Gnar,12
TCL,Trundle,12
TCL,Nidalee,11
TCL,Viktor,10
TCL,Darius,9
TCL,Galio,9
TCL,Jhin,9
TCL,Ryze,9
TCL,Viego,9
TCL,Ashe,8
TCL,Jax,8
TCL,Lillia,8
TCL,Lucian,8
TCL,Tristana,8
TCL,Wukong,8
TCL,Yorick,7
TCL,Caitlyn,6
TCL,LeBlanc,6
TCL,Mel,6
TCL,Fiora,5
TCL,Jarvan IV,5
TCL,Ornn,5
TCL,Volibear,5
TCL,Yunara,5
TCL,Elise,4
TCL,Fiddlesticks,4
TCL,Warwick,4
TCL,Zed,4
TCL,Aatrox,3
TCL,Annie,3
TCL,Bard,3
TCL,Blitzcrank,3
TCL,Karma,3
TCL,Lee Sin,3
TCL,Lulu,3
TCL,Pyke,3
TCL,Sivir,3
TCL,Twisted Fate,3
TCL,Ziggs,3
TCL,Aphelios,2
TCL,Gangplank,2
TCL,Jinx,2
TCL,Karthus,2
TCL,Kennen,2
TCL,Malphite,2
TCL,Diana,1
TCL,Gragas,1
TCL,Ivern,1
TCL,Lux,1
TCL,Nami,1
TCL,Nilah,1
TCL,Rek'Sai,1
TCL,Senna,1
TCL,Shaco,1
TCL,Syndra,1
TCL,Thresh,1
TCL,Tryndamere,1
TCL,Yasuo,1
TCL,Yuumi,1
TCL,Zoe,1
VCS,Kalista,81
VCS,Pantheon,61
VCS,Poppy,55
VCS,Varus,54
VCS,Nocturne,46
VCS,Taliyah,45
VCS,Vi,44
VCS,Skarner,39
VCS,Gwen,37
VCS,Neeko,37
VCS,Zyra,37
VCS,Ashe,34
VCS,Rumble,34
VCS,Sejuani,30
VCS,Aurora,26
VCS,Ezreal,25
VCS,Galio,24
VCS,Rakan,24
VCS,Yorick,24
VCS,Lee Sin,23
VCS,Xin Zhao,23
VCS,Yone,23
VCS,Jayce,22
VCS,Ambessa,21
VCS,Azir,21
VCS,Renata Glasc,21
VCS,Viego,21
VCS,Nautilus,20
VCS,Alistar,19
VCS,Kai'Sa,18
VCS,Elise,17
VCS,Sylas,16
VCS,Annie,15
VCS,K'Sante,15
VCS,Akali,14
VCS,Braum,14
VCS,Caitlyn,14
VCS,Corki,14
VCS,Rell,14
VCS,Sion,14
VCS,Leona,13
VCS,Naafiri,13
VCS,Nidalee,13
VCS,Viktor,13
VCS,Jax,12
VCS,Lucian,12
VCS,Xayah,12
VCS,Orianna,11
VCS,Ryze,11
VCS,Wukong,11
VCS,Draven,10
VCS,Kindred,10
VCS,Tristana,10
VCS,Ahri,9
VCS,Gnar,9
VCS,Karma,8
VCS,Maokai,8
VCS,Trundle,8
VCS,Jhin,7
VCS,Syndra,7
VCS,Miss Fortune,6
VCS,Olaf,6
VCS,Pyke,6
VCS,Renekton,6
VCS,Senna,5
VCS,Lillia,3
VCS,Ziggs,3
VCS,Aatrox,2
VCS,Jarvan IV,2
VCS,LeBlanc,2
VCS,Lulu,2
VCS,Mel,2
VCS,Sivir,2
VCS,Akshan,1
VCS,Amumu,1
VCS,Bard,1
VCS,Blitzcrank,1
VCS,Camille,1
VCS,Cho'Gath,1
VCS,Darius,1
VCS,Dr. Mundo,1
VCS,Jinx,1
VCS,Nilah,1
VCS,Seraphine,1
VCS,Shen,1
VCS,Udyr,1
VCS,Vladimir,1
