playername,doublekills,triplekills,quadrakills,pentakills
 BLWeaksideWizar,0.0,0.0,0.0,0.0
0909,1.0,0.0,0.0,0.0
0ri,8.0,3.0,0.0,0.0
1116,62.0,8.0,1.0,0.0
113,12.0,1.0,0.0,0.0
13,35.0,7.0,0.0,0.0
1Jiang,0.0,0.0,0.0,0.0
1Zeus,0.0,0.0,0.0,0.0
1xn,0.0,0.0,0.0,0.0
2274,0.0,0.0,0.0,0.0
2Guns,6.0,1.0,0.0,0.0
369,2.0,1.0,0.0,0.0
3XA,69.0,21.0,3.0,0.0
452apm,53.0,18.0,6.0,2.0
5M Crop,0.0,0.0,0.0,0.0
5M Profirio,0.0,0.0,0.0,0.0
5M Ratao,1.0,0.0,0.0,0.0
5M Theop,0.0,0.0,0.0,0.0
5t5,0.0,0.0,0.0,0.0
665,49.0,8.0,1.0,0.0
6ax,9.0,2.0,0.0,0.0
6onza,0.0,0.0,0.0,0.0
7D 6onza,1.0,0.0,0.0,0.0
7D AlluK,0.0,0.0,0.0,0.0
7D Max,0.0,0.0,0.0,0.0
89,4.0,0.0,0.0,0.0
9eetoo,0.0,0.0,0.0,0.0
A1MA Gimko,0.0,0.0,0.0,0.0
A1MA Pucki,0.0,0.0,0.0,0.0
A1MATrailblazer,0.0,0.0,0.0,0.0
AAXL Mario,0.0,0.0,0.0,0.0
AAXL Shack,0.0,0.0,0.0,0.0
AAXL Tigrot,0.0,0.0,0.0,0.0
AIM4,0.0,0.0,0.0,0.0
AKaJe,18.0,5.0,0.0,0.0
ALNSHT,15.0,2.0,0.0,0.0
AMBAN,0.0,0.0,0.0,0.0
AMI Dcoy,0.0,0.0,0.0,0.0
ANDARIEL,25.0,6.0,1.0,0.0
AOMA Cacnea,0.0,0.0,0.0,0.0
APA,20.0,5.0,1.0,0.0
APE Thorfin,5.0,1.0,0.0,0.0
APP,13.0,1.0,0.0,0.0
ARA DarkPhoenix,0.0,0.0,0.0,0.0
ARA Slix,0.0,0.0,0.0,0.0
Abagnale,4.0,0.0,0.0,0.0
Abbedagge,3.0,0.0,0.0,0.0
Ablazeolive,7.0,1.0,1.0,1.0
Abner,9.0,0.0,0.0,0.0
About,74.0,23.0,7.0,2.0
Abyss,4.0,1.0,0.0,0.0
Ace,53.0,14.0,2.0,1.0
Achael,17.0,4.0,1.0,0.0
Ackerman,2.0,0.0,0.0,0.0
Adam,13.0,2.0,0.0,0.0
Addusto,20.0,4.0,0.0,0.0
Adiogs,34.0,8.0,2.0,0.0
Adiss,2.0,0.0,0.0,0.0
Adizai,0.0,0.0,0.0,0.0
Adryh,0.0,0.0,0.0,0.0
Advienne,0.0,0.0,0.0,0.0
Ady,12.0,1.0,0.0,0.0
Adyyy,12.0,3.0,1.0,0.0
Aegis,5.0,0.0,0.0,0.0
Aeru,46.0,10.0,2.0,0.0
Aetinoth,67.0,14.0,3.0,1.0
Afriibi,38.0,10.0,2.0,1.0
Afroboi,29.0,7.0,0.0,0.0
Aglaro,0.0,0.0,0.0,0.0
Agresivoo,34.0,6.0,3.0,0.0
Agurin,16.0,0.0,0.0,0.0
Ahn,0.0,0.0,0.0,0.0
Aikawa,9.0,2.0,0.0,0.0
Aiming,62.0,10.0,4.0,1.0
Aincardz,10.0,2.0,0.0,0.0
Air,2.0,1.0,0.0,0.0
Airren,23.0,4.0,3.0,1.0
AisyL,7.0,2.0,0.0,0.0
Aithusa,16.0,3.0,0.0,0.0
Aitlade,7.0,2.0,0.0,0.0
Aitze,2.0,0.0,0.0,0.0
Ajwad,4.0,0.0,0.0,0.0
AkHasspun,0.0,0.0,0.0,0.0
Akabane,0.0,0.0,0.0,0.0
Akanania,14.0,0.0,0.0,0.0
Akashi,11.0,2.0,0.0,0.0
Aki,0.0,0.0,0.0,0.0
Akira,0.0,0.0,0.0,0.0
Aklass,39.0,11.0,2.0,1.0
Akrantor,1.0,0.0,0.0,0.0
Akre,2.0,0.0,0.0,0.0
Akunma,0.0,0.0,0.0,0.0
Aladoric,0.0,0.0,0.0,0.0
Alan,3.0,1.0,0.0,0.0
Alaric,0.0,0.0,0.0,0.0
Alba,0.0,0.0,0.0,0.0
Ale,0.0,0.0,0.0,0.0
Alex,0.0,0.0,0.0,0.0
Alex234,5.0,2.0,0.0,0.0
Alive,9.0,1.0,0.0,0.0
Alleycat,1.0,0.0,0.0,0.0
AlluK,3.0,1.0,0.0,0.0
Alvanai,13.0,2.0,0.0,0.0
Alvaro,0.0,0.0,0.0,0.0
Alén Stark,0.0,0.0,0.0,0.0
Amarizo,0.0,0.0,0.0,0.0
Anato,2.0,0.0,0.0,0.0
Ancrath,4.0,0.0,0.0,0.0
Andathy,6.0,0.0,0.0,0.0
Andil,2.0,0.0,0.0,0.0
Andreus,2.0,0.0,0.0,0.0
Angel,0.0,0.0,0.0,0.0
AnnieBot,4.0,0.0,0.0,0.0
Anonymouss,22.0,3.0,0.0,0.0
Anthrax,1.0,0.0,0.0,0.0
Antonio,19.0,3.0,0.0,0.0
Antos,0.0,0.0,0.0,0.0
Anyone,26.0,4.0,2.0,1.0
Anyyy,6.0,1.0,0.0,0.0
Aojune,10.0,1.0,0.0,0.0
Aomine,50.0,10.0,2.0,0.0
Apatheia,5.0,1.0,0.0,0.0
Apollonia,0.0,0.0,0.0,0.0
ArQuel,4.0,0.0,0.0,0.0
Arcano,1.0,0.0,0.0,0.0
Archfiend,3.0,1.0,0.0,0.0
Ardo,0.0,0.0,0.0,0.0
Aress,18.0,1.0,1.0,0.0
Argonauta,0.0,0.0,0.0,0.0
Aria,12.0,3.0,1.0,0.0
Ariana,7.0,1.0,0.0,0.0
Armut,29.0,4.0,0.0,0.0
Arn,5.0,0.0,0.0,0.0
Arnax,8.0,0.0,0.0,0.0
Arp,9.0,0.0,0.0,0.0
Array,19.0,2.0,1.0,0.0
Arrietty,11.0,1.0,0.0,0.0
Artanis,0.0,0.0,0.0,0.0
Artemis,70.0,13.0,1.0,0.0
Artoria,4.0,0.0,0.0,0.0
Arutnev,1.0,0.0,0.0,0.0
ArutnevJr,0.0,0.0,0.0,0.0
Arven,0.0,0.0,0.0,0.0
Ascend,65.0,15.0,9.0,2.0
Asilah,4.0,0.0,0.0,0.0
Aspect,2.0,1.0,0.0,0.0
Assum,0.0,0.0,0.0,0.0
Astrai,0.0,0.0,0.0,0.0
Astrasmaug,2.0,0.0,0.0,0.0
Asza,18.0,2.0,0.0,0.0
Atat,1.0,0.0,0.0,0.0
Autophil,2.0,0.0,0.0,0.0
Avarice,45.0,7.0,0.0,0.0
Avra,23.0,2.0,1.0,0.0
AwerpiS,0.0,0.0,0.0,0.0
Axelent,89.0,22.0,0.0,0.0
Axo,7.0,3.0,0.0,0.0
Ayel,12.0,0.0,0.0,0.0
Aymen,0.0,0.0,0.0,0.0
Aytekn,26.0,3.0,0.0,0.0
Ayu,35.0,5.0,1.0,0.0
Azhi,24.0,1.0,0.0,0.0
Azu,10.0,3.0,0.0,0.0
Azuka,2.0,1.0,0.0,0.0
Azura,0.0,0.0,0.0,0.0
B Butcher,4.0,0.0,0.0,0.0
BANKAI,6.0,1.0,0.0,0.0
BAO,41.0,14.0,2.0,1.0
BByoan,0.0,0.0,0.0,0.0
BCE Blesia,4.0,0.0,0.0,0.0
BCT R0se,0.0,0.0,0.0,0.0
BE5 Coli,0.0,0.0,0.0,0.0
BE5 Straka,1.0,0.0,0.0,0.0
BE5 bakisa,0.0,0.0,0.0,0.0
BEAN,83.0,17.0,1.0,1.0
BER Berimbau,1.0,0.0,0.0,0.0
BER Besnaga,0.0,0.0,0.0,0.0
BER Cerelac,0.0,0.0,0.0,0.0
BER Lunatik,0.0,0.0,0.0,0.0
BER Outskale,0.0,0.0,0.0,0.0
BFX Bangin,0.0,0.0,0.0,0.0
BFX Lost,2.0,0.0,0.0,0.0
BFX Rang,1.0,0.0,0.0,0.0
BFX Should,1.0,0.0,0.0,0.0
BKD Eria,4.0,1.0,0.0,0.0
BKD Meii,2.0,0.0,0.0,0.0
BKD anakin,0.0,0.0,0.0,0.0
BKD razu,0.0,0.0,0.0,0.0
BKD yokiha,3.0,0.0,0.0,0.0
BL Frechdachs,0.0,0.0,0.0,0.0
BL Niko Reaper,0.0,0.0,0.0,0.0
BL Vinni Wonka,0.0,0.0,0.0,0.0
BLS 1KK1,1.0,0.0,0.0,0.0
BLS Fantasyleaf,2.0,0.0,0.0,0.0
BLS TaiTa,3.0,1.0,0.0,0.0
BLS shironeco,1.0,0.0,0.0,0.0
BOO Blender,10.0,2.0,1.0,0.0
BOO Eve,1.0,0.0,0.0,0.0
BOO FuraFura,7.0,1.0,0.0,0.0
BOO Razer,7.0,0.0,0.0,0.0
BOO Snow Panda,2.0,0.0,0.0,0.0
BOO rururu,7.0,1.0,0.0,0.0
BRT Speedy2,0.0,0.0,0.0,0.0
BVL Fake1,0.0,0.0,0.0,0.0
BVL Fantasyleaf,4.0,0.0,0.0,0.0
BVL Fubuki,28.0,5.0,1.0,0.0
BVL GOODTRY,1.0,0.0,0.0,0.0
BVL MayR,23.0,5.0,1.0,0.0
BVL Snow Panda,0.0,0.0,0.0,0.0
BVL udon,8.0,3.0,1.0,0.0
BVL uwaa,9.0,1.0,0.0,0.0
BVL uwaaaa,2.0,0.0,0.0,0.0
Baashh,9.0,3.0,0.0,0.0
Babuleh,5.0,0.0,0.0,0.0
Baca,13.0,2.0,0.0,0.0
Backlund,9.0,2.0,1.0,1.0
Bada,30.0,5.0,1.0,0.0
Badlulu,28.0,3.0,0.0,0.0
Baiye,0.0,0.0,0.0,0.0
Baki,3.0,1.0,0.0,0.0
Bala,5.0,1.0,0.0,0.0
Balyy,7.0,2.0,0.0,0.0
Bambi,2.0,0.0,0.0,0.0
Bananiasty,0.0,0.0,0.0,0.0
Bananitoo,2.0,0.0,0.0,0.0
Banderas,4.0,0.0,0.0,0.0
Bandit,8.0,0.0,0.0,0.0
Bangin,1.0,1.0,0.0,0.0
Banino,0.0,0.0,0.0,0.0
Bardito,1.0,0.0,0.0,0.0
Barrage,2.0,0.0,0.0,0.0
Barry,0.0,0.0,0.0,0.0
BartonaR,8.0,1.0,0.0,0.0
Basei,0.0,0.0,0.0,0.0
Basraket,33.0,9.0,2.0,1.0
Batuuu,6.0,0.0,0.0,0.0
Baul,6.0,0.0,0.0,0.0
Baula,0.0,0.0,0.0,0.0
Baumeef,22.0,3.0,0.0,0.0
Baus,17.0,3.0,1.0,0.0
Baut,0.0,0.0,0.0,0.0
Bayonetta,0.0,0.0,0.0,0.0
Bazz,12.0,2.0,0.0,0.0
Bcan,26.0,3.0,0.0,0.0
Bdd,43.0,5.0,1.0,0.0
Be,4.0,0.0,0.0,0.0
Beenie,17.0,2.0,1.0,0.0
Beichuan,3.0,0.0,0.0,0.0
Bejjaniii,0.0,0.0,0.0,0.0
Beluga,3.0,1.0,0.0,0.0
Benaset,0.0,0.0,0.0,0.0
Benda,2.0,0.0,0.0,0.0
Benny,6.0,2.0,0.0,0.0
Berik,2.0,0.0,0.0,0.0
Berr,1.0,0.0,0.0,0.0
Berserker,39.0,8.0,1.0,0.0
BeryL,0.0,0.0,0.0,0.0
BetaTwinz,1.0,0.0,0.0,0.0
Betty,46.0,14.0,2.0,0.0
Beyond,0.0,0.0,0.0,0.0
Bf,1.0,0.0,0.0,0.0
BiIIy,8.0,2.0,0.0,0.0
Bible,0.0,0.0,0.0,0.0
Bie,7.0,2.0,0.0,0.0
Bin,9.0,2.0,0.0,0.0
Bio,8.0,1.0,0.0,0.0
BioPanther,3.0,0.0,0.0,0.0
Biob,0.0,0.0,0.0,0.0
Biofrost,1.0,0.0,0.0,0.0
Birkyy,2.0,0.0,0.0,0.0
Biskoo,0.0,0.0,0.0,0.0
Bissejr15,19.0,6.0,1.0,1.0
Bitse,2.0,0.0,0.0,0.0
Bizyze,0.0,0.0,0.0,0.0
Blaber,16.0,2.0,0.0,0.0
BlackSwan,25.0,3.0,0.0,0.0
Blackout,1.0,0.0,0.0,0.0
Bladeshow,5.0,1.0,1.0,0.0
BlauRosen,1.0,0.0,0.0,0.0
Blesia,12.0,3.0,1.0,1.0
Blind Walker,3.0,0.0,0.0,0.0
Bloopy,0.0,0.0,0.0,0.0
Blue,0.0,0.0,0.0,0.0
Blueboar,4.0,0.0,0.0,0.0
Bluffing,0.0,0.0,0.0,0.0
Boal,11.0,2.0,0.0,0.0
Bobsik,16.0,2.0,0.0,0.0
Boda,45.0,8.0,0.0,0.0
Bojji,3.0,2.0,0.0,0.0
Bola,16.0,7.0,1.0,0.0
Bold,24.0,4.0,0.0,0.0
Bolyy1,0.0,0.0,0.0,0.0
Bong,11.0,1.0,0.0,0.0
Bonnie,21.0,5.0,0.0,0.0
Boohis,0.0,0.0,0.0,0.0
Booki,20.0,2.0,0.0,0.0
Booshi,43.0,12.0,3.0,1.0
Boukada,8.0,2.0,0.0,0.0
Boye,0.0,0.0,0.0,0.0
Bradley,10.0,1.0,0.0,0.0
Brance,23.0,3.0,1.0,1.0
Brayaron,0.0,0.0,0.0,0.0
Breathe,0.0,0.0,0.0,0.0
Breezy,2.0,0.0,0.0,0.0
Brizz,4.0,1.0,0.0,0.0
Broeki,22.0,2.0,1.0,0.0
BrokenBlade,21.0,2.0,1.0,0.0
BrokenSword,1.0,0.0,0.0,0.0
Brucee,11.0,4.0,1.0,0.0
Bruhruto,1.0,0.0,0.0,0.0
Bruno,2.0,0.0,0.0,0.0
BuLLDoG,20.0,3.0,2.0,0.0
BuLuKaKa,28.0,1.0,0.0,0.0
Buchi,3.0,0.0,0.0,0.0
Buero,15.0,6.0,2.0,0.0
Buggax,10.0,1.0,0.0,0.0
Built,7.0,0.0,0.0,0.0
Bulas,1.0,0.0,0.0,0.0
Bull,40.0,5.0,2.0,0.0
Bumblebee,4.0,0.0,0.0,0.0
Burdol,20.0,0.0,0.0,0.0
Burence,0.0,0.0,0.0,0.0
Busio,0.0,0.0,0.0,0.0
Bust,1.0,0.0,0.0,0.0
Busvicke,3.0,0.0,0.0,0.0
Bvoy,20.0,5.0,0.0,0.0
Bwater,5.0,0.0,0.0,0.0
Bwipo,23.0,0.0,0.0,0.0
C7,12.0,1.0,1.0,0.0
CBL,1.0,0.0,0.0,0.0
CHECKFIDER,0.0,0.0,0.0,0.0
CHEF,5.0,1.0,1.0,0.0
CK GOMAMUGICH4,0.0,0.0,0.0,0.0
CK GOMAMUGICHA,1.0,0.0,0.0,0.0
CK Ls ,1.0,0.0,0.0,0.0
CK Razer,4.0,1.0,0.0,0.0
CK Saba,7.0,1.0,0.0,0.0
CK gotae,14.0,3.0,0.0,0.0
CK ss1,15.0,0.0,0.0,0.0
CKZ vorfles,0.0,0.0,0.0,0.0
CNV Chrome,2.0,2.0,0.0,0.0
CPM,7.0,1.0,0.0,0.0
CROmpir,7.0,1.0,0.0,0.0
CRZ Cold Rose,1.0,0.0,0.0,0.0
CRZ Flashpowa,1.0,1.0,0.0,0.0
CRZ Satto,0.0,0.0,0.0,0.0
CRZ Zeradyn,0.0,0.0,0.0,0.0
CRZ pvm,0.0,0.0,0.0,0.0
CRoNiiK,7.0,0.0,0.0,0.0
Caedrel,0.0,0.0,0.0,0.0
Caliste,63.0,15.0,2.0,0.0
Calix,21.0,3.0,0.0,0.0
Callian,1.0,0.0,0.0,0.0
Callme,33.0,4.0,1.0,1.0
Calmsky,0.0,0.0,0.0,0.0
Caltys,25.0,5.0,0.0,0.0
Camana,15.0,4.0,0.0,0.0
Camilonicolau,8.0,1.0,0.0,0.0
Caner,10.0,1.0,0.0,0.0
Canna,29.0,9.0,0.0,0.0
Canyon,30.0,1.0,0.0,0.0
Cape,0.0,0.0,0.0,0.0
Caps,23.0,3.0,1.0,1.0
CaptainSexy,10.0,0.0,0.0,0.0
Carbono,0.0,0.0,0.0,0.0
Care,0.0,0.0,0.0,0.0
Career,2.0,0.0,0.0,0.0
Carim,3.0,0.0,0.0,0.0
CarioK,8.0,1.0,0.0,0.0
Carlsen,14.0,4.0,0.0,0.0
Carnage,11.0,3.0,0.0,0.0
Carros,13.0,3.0,0.0,0.0
Carry,3.0,1.0,0.0,0.0
Cartamenio,0.0,0.0,0.0,0.0
Carzzy,30.0,7.0,2.0,0.0
Casting,32.0,5.0,4.0,1.0
Castle,4.0,1.0,0.0,0.0
Caucha,11.0,1.0,0.0,0.0
Cavalo,1.0,0.0,0.0,0.0
CbhhuZi,0.0,0.0,0.0,0.0
Cboi,10.0,0.0,0.0,0.0
Ceasarna,2.0,1.0,0.0,0.0
Celo,28.0,5.0,0.0,0.0
Centu,1.0,0.0,0.0,0.0
Ceos,0.0,0.0,0.0,0.0
Chama,2.0,0.0,0.0,0.0
Chan,26.0,3.0,0.0,0.0
Chance2Win,5.0,2.0,0.0,0.0
Chap1nho,0.0,0.0,0.0,0.0
Charley,1.0,0.0,0.0,0.0
Chasy,18.0,4.0,2.0,0.0
Cheng9,24.0,4.0,2.0,1.0
Cherry,0.0,0.0,0.0,0.0
ChiCh1,46.0,11.0,1.0,0.0
Chien,19.0,2.0,0.0,0.0
Chika,15.0,4.0,1.0,0.0
Chompy,0.0,0.0,0.0,0.0
Chordy,8.0,1.0,0.0,0.0
Chova,0.0,0.0,0.0,0.0
Chovy,57.0,12.0,3.0,2.0
Chrislai,0.0,0.0,0.0,0.0
Chryssey,6.0,1.0,0.0,0.0
Cid,24.0,5.0,0.0,0.0
Cinkrof,5.0,1.0,0.0,0.0
Cipher,2.0,1.0,0.0,0.0
Citrus,3.0,0.0,0.0,0.0
Claww,10.0,1.0,0.0,0.0
Clayce,1.0,0.0,0.0,0.0
Clear,13.0,1.0,0.0,0.0
Click,1.0,0.0,0.0,0.0
Climber,0.0,0.0,0.0,0.0
Closer,5.0,0.0,0.0,0.0
Cloud,0.0,0.0,0.0,0.0
Clozer,27.0,2.0,0.0,0.0
CoBiT,3.0,0.0,0.0,0.0
Coated,2.0,1.0,0.0,0.0
Coldraa,6.0,0.0,0.0,0.0
Coli,0.0,0.0,0.0,0.0
Colomblbl,1.0,0.0,0.0,0.0
Color,9.0,3.0,0.0,0.0
Comp,39.0,8.0,2.0,0.0
Competitive,20.0,4.0,0.0,0.0
Conformista,2.0,1.0,0.0,0.0
Congolese,0.0,0.0,0.0,0.0
Contractz,8.0,1.0,0.0,0.0
CoreJJ,4.0,0.0,0.0,0.0
Cospect,0.0,0.0,0.0,0.0
Courage,7.0,0.0,0.0,0.0
Coward,7.0,0.0,0.0,0.0
CrAzY,4.0,1.0,1.0,0.0
Crack,4.0,0.0,0.0,0.0
Cracker,34.0,3.0,1.0,0.0
Crecre,0.0,0.0,0.0,0.0
Crem,36.0,9.0,2.0,0.0
Creme,3.0,0.0,0.0,0.0
Crimson,10.0,1.0,0.0,0.0
Cripple,6.0,0.0,0.0,0.0
Crisp,0.0,0.0,0.0,0.0
Cristonex,1.0,0.0,0.0,0.0
Croac,1.0,0.0,0.0,0.0
Croco,15.0,3.0,1.0,0.0
Crow,2.0,0.0,0.0,0.0
Crowdy,1.0,0.0,0.0,0.0
Crownie,72.0,18.0,2.0,0.0
Cruse,0.0,0.0,0.0,0.0
Cryogen,0.0,0.0,0.0,0.0
Cryscata,0.0,0.0,0.0,0.0
Cube,0.0,0.0,0.0,0.0
Cuicuixi,34.0,3.0,0.0,0.0
Cuzz,27.0,4.0,0.0,0.0
Cyku,13.0,1.0,0.0,0.0
Cypher,9.0,4.0,1.0,0.0
Czajek,14.0,4.0,1.0,0.0
Czekolad,43.0,4.0,1.0,0.0
Czypsy,3.0,0.0,0.0,0.0
D0kai,0.0,0.0,0.0,0.0
D1verse,4.0,0.0,0.0,0.0
D4SH,7.0,1.0,1.0,0.0
D4nKa,8.0,2.0,1.0,1.0
D4rtaine,2.0,0.0,0.0,0.0
DANKI,0.0,0.0,0.0,0.0
DARKWINGS,19.0,3.0,0.0,0.0
DCT JDD,9.0,2.0,0.0,0.0
DD1,3.0,1.0,0.0,0.0
DDahyuk,18.0,2.0,1.0,0.0
DDicent,2.0,2.0,1.0,0.0
DDoiV,25.0,3.0,0.0,0.0
DG Etude,15.0,1.0,0.0,0.0
DG W1ng,7.0,1.0,0.0,0.0
DG Wing,8.0,1.0,1.0,0.0
DG applepasta,14.0,4.0,1.0,0.0
DG hatinyang,11.0,0.0,0.0,0.0
DG kumuo,21.0,3.0,0.0,0.0
DG socceryakyu,17.0,3.0,0.0,0.0
DG suyahime,15.0,3.0,0.0,0.0
DG toraneko,0.0,0.0,0.0,0.0
DICE,37.0,7.0,0.0,0.0
DIV Barata,0.0,0.0,0.0,0.0
DIV Chambel,0.0,0.0,0.0,0.0
DIV Leitinho,0.0,0.0,0.0,0.0
DIV MinetasJR,1.0,0.0,0.0,0.0
DIV Pro Hanter,8.0,1.0,0.0,0.0
DIV pdr,1.0,0.0,0.0,0.0
DIV spoint,1.0,0.0,0.0,0.0
DK Nevid,2.0,0.0,0.0,0.0
DK Seonwoo,9.0,3.0,1.0,0.0
DK Shadow,0.0,0.0,0.0,0.0
DM SUISEI,9.0,1.0,0.0,0.0
DM StarRanger,2.0,1.0,0.0,0.0
DM history,40.0,7.0,0.0,0.0
DM p1ng,25.0,5.0,3.0,0.0
DM ping,9.0,2.0,0.0,0.0
DM poshigi8,9.0,0.0,0.0,0.0
DNF Euphoria,4.0,2.0,0.0,0.0
DNTL,4.0,0.0,0.0,0.0
DOMOLES,8.0,1.0,0.0,0.0
DOOM,11.0,0.0,0.0,0.0
DRX Lirua,0.0,0.0,0.0,0.0
DRX Nerion,1.0,0.0,0.0,0.0
DRX Sun eater,2.0,1.0,0.0,0.0
DRX XeRone,5.0,1.0,0.0,0.0
DS Pooya,1.0,0.0,0.0,0.0
DVLK,46.0,7.0,1.0,0.0
Daemi,4.0,0.0,0.0,0.0
Dafnis,0.0,0.0,0.0,0.0
Daglas,24.0,2.0,1.0,0.0
DahVys,25.0,3.0,0.0,0.0
Daiky,12.0,1.0,0.0,0.0
Dajor,32.0,4.0,1.0,0.0
Daksider,36.0,7.0,2.0,2.0
Damage,0.0,0.0,0.0,0.0
Damocles,45.0,10.0,1.0,0.0
Dan,24.0,3.0,2.0,0.0
Danden,0.0,0.0,0.0,0.0
Dandom,3.0,0.0,0.0,0.0
Dani,13.0,6.0,2.0,0.0
Danilo,4.0,0.0,0.0,0.0
Dardoch,13.0,1.0,0.0,0.0
DarkBlue,2.0,0.0,0.0,0.0
Darkeszy,26.0,1.0,0.0,0.0
Darky,0.0,0.0,0.0,0.0
David,12.0,1.0,0.0,0.0
Davyyy,0.0,0.0,0.0,0.0
Dawciu,11.0,2.0,0.0,0.0
Dawerko,2.0,1.0,0.0,0.0
Dawi,1.0,0.0,0.0,0.0
Dawn,4.0,2.0,0.0,0.0
Daystar,41.0,7.0,1.0,0.0
Deadhound,4.0,0.0,0.0,0.0
Deadly,21.0,4.0,0.0,0.0
Dean,17.0,1.0,0.0,0.0
Deant9,34.0,10.0,2.0,1.0
DeathArrow,1.0,1.0,0.0,0.0
Dec0y,2.0,0.0,0.0,0.0
Decay,25.0,3.0,0.0,0.0
Deceiving,8.0,2.0,0.0,0.0
Deceller,1.0,0.0,0.0,0.0
Deepe,7.0,1.0,0.0,0.0
Degh,1.0,0.0,0.0,0.0
Dehaste,5.0,0.0,0.0,0.0
Deidara,8.0,0.0,0.0,0.0
Dejo,0.0,0.0,0.0,0.0
Dekap,4.0,1.0,0.0,0.0
Deletus,3.0,0.0,0.0,0.0
Delight,3.0,0.0,0.0,0.0
Deliverzz,2.0,1.0,0.0,0.0
Demoncior,2.0,0.0,0.0,0.0
DenVoksne,40.0,12.0,1.0,0.0
Denathor,12.0,1.0,0.0,0.0
Destroy,3.0,0.0,0.0,0.0
Destru,5.0,1.0,0.0,0.0
Devn,32.0,8.0,1.0,0.0
Devost,18.0,4.0,0.0,0.0
Dextyle,0.0,0.0,0.0,0.0
Dezo,3.0,0.0,0.0,0.0
Dhokla,0.0,0.0,0.0,0.0
DiDi,21.0,6.0,1.0,1.0
Diable,64.0,19.0,3.0,1.0
Diamond,0.0,0.0,0.0,0.0
Dinai,2.0,0.0,0.0,0.0
Dinastik,5.0,1.0,0.0,0.0
Dino,5.0,0.0,0.0,0.0
Dionelux,10.0,1.0,0.0,0.0
Dipi,0.0,0.0,0.0,0.0
Diplex,17.0,2.0,0.0,0.0
Dire,24.0,3.0,0.0,0.0
Disamis,13.0,1.0,0.0,0.0
Diva,9.0,1.0,0.0,0.0
Divine,8.0,0.0,0.0,0.0
DizL,1.0,0.0,0.0,0.0
Dizin,13.0,0.0,0.0,0.0
Djoko,17.0,1.0,0.0,0.0
Dman,1.0,0.0,0.0,0.0
DnDn,14.0,3.0,0.0,0.0
Doggo,106.0,22.0,7.0,2.0
Doinb,0.0,0.0,0.0,0.0
Dolis,16.0,3.0,0.0,0.0
Domas,7.0,0.0,0.0,0.0
Dome,5.0,0.0,0.0,0.0
Don Ponk,0.0,0.0,0.0,0.0
DonJake,0.0,0.0,0.0,0.0
Doni,7.0,1.0,0.0,0.0
Dooly,2.0,0.0,0.0,0.0
Doran,33.0,7.0,0.0,0.0
Dorian,0.0,0.0,0.0,0.0
Doss,1.0,0.0,0.0,0.0
Dotmm,22.0,2.0,1.0,0.0
DoubleAces,3.0,1.0,0.0,0.0
DoubleAiM,17.0,2.0,0.0,0.0
DoubleB,5.0,0.0,0.0,0.0
Doublelift,23.0,7.0,2.0,0.0
Doxy,4.0,1.0,0.0,0.0
DrCalculus,3.0,0.0,0.0,0.0
DrSaw,0.0,0.0,0.0,0.0
Dragneel,0.0,0.0,0.0,0.0
Dragonblood,18.0,3.0,0.0,0.0
Dragoon,5.0,0.0,0.0,0.0
Drakehero,9.0,2.0,0.0,0.0
Draktharr,21.0,5.0,1.0,0.0
Drannarith,0.0,0.0,0.0,0.0
Draxo5,1.0,0.0,0.0,0.0
Dream,10.0,1.0,0.0,0.0
Dreilix,3.0,1.0,0.0,0.0
Driver,10.0,0.0,0.0,0.0
Dro,3.0,0.0,0.0,0.0
Droekt,0.0,0.0,0.0,0.0
Drofan,24.0,9.0,1.0,0.0
Druk,1.0,0.0,0.0,0.0
Druust,10.0,2.0,0.0,0.0
Druxy,18.0,3.0,0.0,0.0
DuDu,17.0,3.0,0.0,0.0
Ducks,1.0,0.0,0.0,0.0
Duduhh,4.0,2.0,1.0,0.0
Dumbao,0.0,0.0,0.0,0.0
Duro,2.0,0.0,0.0,0.0
Dya,18.0,3.0,0.0,0.0
Dyego,2.0,2.0,0.0,0.0
Dyenn,20.0,6.0,0.0,0.0
Dzeffry,26.0,5.0,0.0,0.0
ECOGentlemanHer,0.0,0.0,0.0,0.0
ECSTASSY,3.0,1.0,1.0,0.0
EDGY Palkia,0.0,0.0,0.0,0.0
EDGY linn,2.0,0.0,0.0,0.0
EDGY mikasa,1.0,0.0,0.0,0.0
EDGY qiuyu ,0.0,0.0,0.0,0.0
EE miflond,1.0,1.0,0.0,0.0
EG Digit,3.0,0.0,0.0,0.0
EG Raiderr,0.0,0.0,0.0,0.0
EG Ratel,3.0,0.0,0.0,0.0
EG Yuta,4.0,0.0,0.0,0.0
EG ZeeTee,0.0,0.0,0.0,0.0
EKO DVN,1.0,0.0,0.0,0.0
EKO K1NG1,0.0,0.0,0.0,0.0
EL,21.0,6.0,0.0,0.0
EN,0.0,0.0,0.0,0.0
ESBA DON ADY,2.0,0.0,0.0,0.0
ESCIK,19.0,5.0,1.0,0.0
EUNE,0.0,0.0,0.0,0.0
EVO Dayllen,0.0,0.0,0.0,0.0
EVO Fat Yoda,0.0,0.0,0.0,0.0
EVO Geraldes,0.0,0.0,0.0,0.0
EVO Ghost3,1.0,0.0,0.0,0.0
EVO Kryzen7,0.0,0.0,0.0,0.0
EVO Tebi GG,0.0,0.0,0.0,0.0
Early Bird,0.0,0.0,0.0,0.0
EasyLove,0.0,0.0,0.0,0.0
Eckas,11.0,2.0,0.0,0.0
Eclipse,75.0,12.0,2.0,0.0
EdbyK,1.0,0.0,0.0,0.0
Eddie,33.0,6.0,2.0,0.0
Efias,0.0,0.0,0.0,0.0
Egnom,2.0,0.0,0.0,0.0
Egotistic,0.0,0.0,0.0,0.0
Eika,20.0,2.0,0.0,0.0
ElOjoNinja,1.0,0.0,0.0,0.0
Electro,2.0,0.0,0.0,0.0
Elijah,3.0,0.0,0.0,0.0
Elio,2.0,0.0,0.0,0.0
Elix1r,5.0,0.0,0.0,0.0
Elk,10.0,2.0,1.0,0.0
Ellim,15.0,3.0,0.0,0.0
Elramir,12.0,1.0,0.0,0.0
Elyoya,19.0,1.0,0.0,0.0
Emo,10.0,3.0,0.0,0.0
Emprez,1.0,0.0,0.0,0.0
Empyros,15.0,1.0,0.0,0.0
Enapon,6.0,1.0,0.0,0.0
Endless,5.0,1.0,0.0,0.0
Endz,0.0,0.0,0.0,0.0
Eneino,0.0,0.0,0.0,0.0
Enga,17.0,0.0,0.0,0.0
Enigma,2.0,0.0,0.0,0.0
Enjawve,1.0,0.0,0.0,0.0
Enkil,0.0,0.0,0.0,0.0
Enosh,14.0,2.0,0.0,0.0
Enricfh,5.0,0.0,0.0,0.0
Enthralled,1.0,0.0,0.0,0.0
Envy,20.0,4.0,1.0,0.0
Envyy,54.0,12.0,1.0,0.0
Ephekles,0.0,0.0,0.0,0.0
Equinox,1.0,0.0,0.0,0.0
Erdote,2.0,0.0,0.0,0.0
Erha,0.0,0.0,0.0,0.0
Erk,0.0,0.0,0.0,0.0
Ermoke,0.0,0.0,0.0,0.0
Erolle,0.0,0.0,0.0,0.0
Errado,0.0,0.0,0.0,0.0
Ersin,0.0,0.0,0.0,0.0
Escanor,0.0,0.0,0.0,0.0
Eski,0.0,0.0,0.0,0.0
Eskiper,0.0,0.0,0.0,0.0
Esko,24.0,6.0,0.0,0.0
Ethe,0.0,0.0,0.0,0.0
Etoo,19.0,1.0,1.0,1.0
Euphoria,34.0,8.0,1.0,0.0
Ever,4.0,1.0,0.0,0.0
Evi,7.0,1.0,0.0,0.0
Excaliburt,0.0,0.0,0.0,0.0
Exduardo,4.0,0.0,0.0,0.0
Execute,0.0,0.0,0.0,0.0
Exile1,6.0,0.0,0.0,0.0
Exiled,0.0,0.0,0.0,0.0
Exofeng,37.0,8.0,1.0,0.0
Eyla,1.0,1.0,0.0,0.0
Eyliph,14.0,3.0,0.0,0.0
F0X Fr0zen ,0.0,0.0,0.0,0.0
F3IV,0.0,0.0,0.0,0.0
FATE,11.0,3.0,1.0,1.0
FBI,17.0,3.0,0.0,0.0
FENZ1,23.0,7.0,2.0,0.0
FGG,2.0,0.0,0.0,0.0
FIERCE,20.0,5.0,0.0,0.0
FIESTA,18.0,2.0,1.0,1.0
FLH Frankfurt,1.0,0.0,0.0,0.0
FRAC Radar,0.0,0.0,0.0,0.0
FS ChallenQ,14.0,6.0,4.0,1.0
FS Oliv,1.0,0.0,0.0,0.0
FSZ,17.0,1.0,0.0,0.0
FUE Devost,2.0,0.0,0.0,0.0
FVN Shuhari,0.0,0.0,0.0,0.0
Fade,38.0,6.0,0.0,0.0
Faded,15.0,4.0,0.0,0.0
Faetski,31.0,6.0,2.0,0.0
Faith,0.0,0.0,0.0,0.0
FakeGod,16.0,4.0,1.0,0.0
Faker,38.0,9.0,1.0,1.0
Fallen,10.0,2.0,1.0,0.0
Falleo,10.0,4.0,0.0,0.0
Fame,2.0,0.0,0.0,0.0
Farfetch,2.0,0.0,0.0,0.0
Fatihcan,3.0,0.0,0.0,0.0
Fatorix,13.0,0.0,0.0,0.0
Feather,0.0,0.0,0.0,0.0
Fede,38.0,7.0,0.0,0.0
Feisty,22.0,5.0,2.0,0.0
Feitan,0.0,0.0,0.0,0.0
Felopo,0.0,0.0,0.0,0.0
FenRir,65.0,15.0,3.0,1.0
Feng,109.0,24.0,6.0,1.0
Ferenc,2.0,0.0,0.0,0.0
Ferrari,1.0,0.0,0.0,0.0
Ferret,9.0,0.0,0.0,0.0
Fikus,2.0,0.0,0.0,0.0
FireAscept,2.0,0.0,0.0,0.0
Fireblade,1.0,0.0,0.0,0.0
FisheR,1.0,1.0,0.0,0.0
Fisher,49.0,11.0,1.0,0.0
Fishireal,5.0,0.0,0.0,0.0
Fishue,2.0,0.0,0.0,0.0
Fla01,0.0,0.0,0.0,0.0
Flakked,17.0,1.0,0.0,0.0
Flamer,2.0,0.0,0.0,0.0
Flandre,11.0,1.0,0.0,0.0
Flauren,39.0,5.0,1.0,1.0
FleekZ,0.0,0.0,0.0,0.0
Fleshy,1.0,0.0,0.0,0.0
FlickeR,53.0,10.0,2.0,0.0
FliiZee,14.0,2.0,1.0,1.0
Flip,40.0,7.0,0.0,0.0
Floris56,4.0,0.0,0.0,0.0
Fluffy,2.0,0.0,0.0,0.0
Flying,2.0,0.0,0.0,0.0
FoFo,25.0,3.0,0.0,0.0
Fogzy,7.0,3.0,0.0,0.0
Follow,6.0,0.0,0.0,0.0
FoobaR,1.0,0.0,0.0,0.0
Fool,0.0,0.0,0.0,0.0
Fooneses,0.0,0.0,0.0,0.0
Forest,32.0,2.0,1.0,1.0
Forlin,9.0,2.0,0.0,0.0
Fornoreason,19.0,1.0,0.0,0.0
Fortu,0.0,0.0,0.0,0.0
Foxie,15.0,2.0,0.0,0.0
Fragola,4.0,0.0,0.0,0.0
Franky,5.0,2.0,0.0,0.0
Frappii,1.0,0.0,0.0,0.0
Fred,4.0,1.0,0.0,0.0
Free,1.0,0.0,0.0,0.0
Freestyle,0.0,0.0,0.0,0.0
Fresskowy,16.0,3.0,1.0,0.0
Frexey,9.0,3.0,1.0,0.0
Friple,0.0,0.0,0.0,0.0
Frixter,0.0,0.0,0.0,0.0
Frog,37.0,8.0,0.0,0.0
Frost,20.0,2.0,0.0,0.0
Frozen,1.0,0.0,0.0,0.0
Fudge,10.0,2.0,0.0,0.0
Fugu,0.0,0.0,0.0,0.0
Fun K3y,31.0,2.0,0.0,0.0
Funky Dog,15.0,3.0,1.0,0.0
Furby,2.0,0.0,0.0,0.0
Furuy,26.0,0.0,0.0,0.0
Fush,4.0,0.0,0.0,0.0
Fuuu,3.0,0.0,0.0,0.0
Fynox,4.0,1.0,1.0,0.0
GALA,0.0,0.0,0.0,0.0
GBCN Pyrus,0.0,0.0,0.0,0.0
GDG Compu,0.0,0.0,0.0,0.0
GDG miaemi,0.0,0.0,0.0,0.0
GGA Hosanna,0.0,0.0,0.0,0.0
GIDEON,22.0,1.0,1.0,1.0
GLE notiim,4.0,2.0,1.0,0.0
GLR Nicolayyi,1.0,0.0,0.0,0.0
GLR RonyG,0.0,0.0,0.0,0.0
GMB atatt,0.0,0.0,0.0,0.0
GRX,3.0,0.0,0.0,0.0
GTZ Gary,1.0,0.0,0.0,0.0
GTZ Spy2,2.0,0.0,0.0,0.0
GUP 1334mat,3.0,2.0,0.0,0.0
GUP Legend,0.0,0.0,0.0,0.0
GUP Ricarderix,0.0,0.0,0.0,0.0
GUP Sidbuck,0.0,0.0,0.0,0.0
GZ Frozen,1.0,0.0,0.0,0.0
GZ Gon,1.0,0.0,0.0,0.0
GZ Herma,4.0,0.0,0.0,0.0
GZ Kin0,0.0,0.0,0.0,0.0
Gaarfield,0.0,0.0,0.0,0.0
Gaeng,0.0,0.0,0.0,0.0
Gakgos,13.0,2.0,0.0,0.0
Galaxynt,1.0,1.0,0.0,0.0
Ganks,2.0,1.0,0.0,0.0
GaraXy,0.0,0.0,0.0,0.0
Garank,0.0,0.0,0.0,0.0
Garden,33.0,4.0,1.0,0.0
Gastruks,0.0,0.0,0.0,0.0
Gato,0.0,0.0,0.0,0.0
Gatovisck,0.0,0.0,0.0,0.0
Gavotto,35.0,8.0,2.0,1.0
Gaëthan,9.0,0.0,0.0,0.0
GekkoSzaby,0.0,0.0,0.0,0.0
Gemini,16.0,2.0,0.0,0.0
Genos,1.0,0.0,0.0,0.0
Ghost,6.0,3.0,2.0,0.0
Ghost2,0.0,0.0,0.0,0.0
GianKios,2.0,0.0,0.0,0.0
Gilito,0.0,0.0,0.0,0.0
Giomatic,0.0,0.0,0.0,0.0
Giyuu,56.0,4.0,0.0,0.0
GoDirr,4.0,1.0,0.0,0.0
Goldenpenny,15.0,4.0,1.0,1.0
Goliah,14.0,2.0,0.0,0.0
Goliath,0.0,0.0,0.0,0.0
Gom,0.0,0.0,0.0,0.0
Gon,0.0,0.0,0.0,0.0
Gordinho,1.0,0.0,0.0,0.0
Gori,20.0,2.0,1.0,0.0
Grave,34.0,3.0,1.0,0.0
Grell,10.0,2.0,0.0,0.0
Gremy,2.0,0.0,0.0,0.0
Grevthar,13.0,2.0,0.0,0.0
Grimm,1.0,0.0,0.0,0.0
Grizzly,49.0,9.0,2.0,1.0
Gru,11.0,2.0,0.0,0.0
Gryffinn,2.0,1.0,0.0,0.0
Grèédy,0.0,0.0,0.0,0.0
Gtracks,0.0,0.0,0.0,0.0
Guanch0,4.0,1.0,0.0,0.0
Guardian,21.0,4.0,0.0,0.0
Guertas,23.0,3.0,1.0,0.0
Guigo,21.0,5.0,1.0,0.0
Guigs,0.0,0.0,0.0,0.0
Guirlande,0.0,0.0,0.0,0.0
Guli,8.0,1.0,0.0,0.0
Gumayusi,95.0,22.0,4.0,0.0
Guppy,12.0,2.0,0.0,0.0
Gury,30.0,5.0,1.0,0.0
Gus,10.0,0.0,0.0,0.0
Guti,25.0,6.0,0.0,0.0
Guubi,0.0,0.0,0.0,0.0
Guwon,10.0,3.0,0.0,0.0
H1tokiri,0.0,0.0,0.0,0.0
HAKA,2.0,0.0,0.0,0.0
HALdesu,9.0,2.0,1.0,0.0
HAP DerSchrank,1.0,0.0,0.0,0.0
HAP Dishonored,5.0,1.0,1.0,0.0
HARPOON,81.0,24.0,6.0,1.0
HAWHAW,7.0,1.0,0.0,0.0
HC KZT,0.0,0.0,0.0,0.0
HLE Eclipse,4.0,0.0,0.0,0.0
HLE Hailstone,0.0,0.0,0.0,0.0
HLE Panther,2.0,0.0,0.0,0.0
HM Delta 1,0.0,0.0,0.0,0.0
HNS Bera,0.0,0.0,0.0,0.0
HNS Nakamoto,3.0,0.0,0.0,0.0
HNS R1to,2.0,0.0,0.0,0.0
HNS Rumi,15.0,4.0,2.0,0.0
HNS Skinny,0.0,0.0,0.0,0.0
HNS ekkusu,2.0,0.0,0.0,0.0
HNS phast,0.0,0.0,0.0,0.0
HNS tetras256,0.0,0.0,0.0,0.0
HNVR Boempel,2.0,2.0,0.0,0.0
HNVR storm,2.0,0.0,0.0,0.0
HOF Crisrock,0.0,0.0,0.0,0.0
HOF Ghost2,0.0,0.0,0.0,0.0
HOF Julzh,0.0,0.0,0.0,0.0
HOF Leazor,0.0,0.0,0.0,0.0
HOF Martim,0.0,0.0,0.0,0.0
HOF Phlloz,0.0,0.0,0.0,0.0
HOF Primata,0.0,0.0,0.0,0.0
HOF Sashimi,0.0,0.0,0.0,0.0
HOF Silence,0.0,0.0,0.0,0.0
HOF ThunderPeng,0.0,0.0,0.0,0.0
HOF Zezin,1.0,0.0,0.0,0.0
HOF vicarious,0.0,0.0,0.0,0.0
HONOR,0.0,0.0,0.0,0.0
HOYA,0.0,0.0,0.0,0.0
HPS EN,0.0,0.0,0.0,0.0
HST David Do,1.0,0.0,0.0,0.0
HST DinhViet,2.0,0.0,0.0,0.0
HST Terry,0.0,0.0,0.0,0.0
HST Wady,2.0,0.0,0.0,0.0
Hades2,3.0,1.0,0.0,0.0
Haetae,32.0,5.0,0.0,0.0
Hailstone,6.0,1.0,0.0,0.0
Hakari,2.0,0.0,0.0,0.0
HamBak,7.0,0.0,0.0,0.0
Hamsi,1.0,1.0,0.0,0.0
Hamudis,2.0,0.0,0.0,0.0
Hanbyeol,28.0,3.0,1.0,0.0
Hang,0.0,0.0,0.0,0.0
Hans SamD,59.0,16.0,6.0,1.0
Hans Sama,44.0,7.0,0.0,0.0
Haoswen,0.0,0.0,0.0,0.0
Harbo,31.0,3.0,1.0,0.0
Harky,34.0,5.0,3.0,0.0
Harp,2.0,0.0,0.0,0.0
Hasu7,45.0,7.0,1.0,0.0
Hatsu,11.0,3.0,0.0,0.0
Hattor1s,8.0,0.0,0.0,0.0
Hauz,16.0,5.0,1.0,0.0
Hax,6.0,2.0,0.0,0.0
Hazel,24.0,4.0,0.0,0.0
HeSSZero,17.0,3.0,2.0,0.0
Heart,0.0,0.0,0.0,0.0
Hena,11.0,3.0,0.0,0.0
Heng,0.0,0.0,0.0,0.0
Henli,5.0,1.0,0.0,0.0
Heprex,0.0,0.0,0.0,0.0
Herma,46.0,6.0,1.0,0.0
Heroic,29.0,3.0,0.0,0.0
Heru,1.0,0.0,0.0,0.0
Hery,0.0,0.0,0.0,0.0
Hetel,1.0,0.0,0.0,0.0
Hhiep,2.0,0.0,0.0,0.0
HiRit,12.0,1.0,0.0,0.0
Hid0,5.0,2.0,1.0,1.0
Hidan,7.0,1.0,0.0,0.0
Highway,0.0,0.0,0.0,0.0
Hika,2.0,0.0,0.0,0.0
Hildebrandt,0.0,0.0,0.0,0.0
Himmel,3.0,0.0,0.0,0.0
Hinata,26.0,1.0,0.0,0.0
Hiro,0.0,0.0,0.0,0.0
Hiro02,5.0,1.0,0.0,0.0
Hitsu,10.0,2.0,0.0,0.0
Hizto,23.0,3.0,1.0,0.0
Hollow,0.0,0.0,0.0,0.0
HongQ,44.0,9.0,2.0,0.0
HongSuo,50.0,7.0,2.0,1.0
Hope,24.0,5.0,1.0,0.0
Horder,22.0,5.0,1.0,0.0
Horus,10.0,3.0,0.0,0.0
Hosanna,4.0,0.0,0.0,0.0
HotPot,19.0,3.0,1.0,0.0
Howling,17.0,5.0,0.0,0.0
Hran,4.0,1.0,0.0,0.0
Hub,17.0,3.0,1.0,0.0
Humanoid,36.0,7.0,0.0,0.0
Humble,3.0,0.0,0.0,0.0
Hummelu,2.0,0.0,0.0,0.0
Humzh,11.0,0.0,0.0,0.0
HungryPanda,3.0,0.0,0.0,0.0
Hungtwo,0.0,0.0,0.0,0.0
Hunt,4.0,0.0,0.0,0.0
Huron,27.0,6.0,0.0,0.0
Husha,3.0,0.0,0.0,0.0
Hustle,16.0,3.0,0.0,0.0
Hustlin,0.0,0.0,0.0,0.0
Huubiii,2.0,0.0,0.0,0.0
Hwichan,38.0,6.0,0.0,0.0
Hydra,18.0,2.0,0.0,0.0
Hydraa,0.0,0.0,0.0,0.0
Hygon,3.0,0.0,0.0,0.0
Hylissang,2.0,0.0,0.0,0.0
Hyorai,1.0,0.0,0.0,0.0
Hypa,4.0,0.0,0.0,0.0
Hype,51.0,14.0,2.0,1.0
Hyper720,1.0,0.0,0.0,0.0
ICON Ace2,3.0,0.0,0.0,0.0
ICON Alitan,1.0,0.0,0.0,0.0
ICON BetoEZ,0.0,0.0,0.0,0.0
ICON Zeckro,1.0,0.0,0.0,0.0
IDA,7.0,1.0,0.0,0.0
IHEBIC,1.0,0.0,0.0,0.0
IN5 Troublemak,0.0,0.0,0.0,0.0
INF Stepz,0.0,0.0,0.0,0.0
ISMA,12.0,1.0,0.0,0.0
IanaTheAlpha,0.0,0.0,0.0,0.0
Ibai,30.0,11.0,4.0,0.0
Ice,31.0,8.0,2.0,1.0
IceBreaker,1.0,0.0,0.0,0.0
Ichiwin,0.0,0.0,0.0,0.0
Icytower,8.0,3.0,0.0,0.0
Iheb,1.0,0.0,0.0,0.0
Ihy0,3.0,1.0,0.0,0.0
IlllIma,9.0,1.0,0.0,0.0
Ilyxøu,11.0,1.0,0.0,0.0
Impact,14.0,1.0,0.0,0.0
Impp,0.0,0.0,0.0,0.0
Improver,21.0,6.0,3.0,0.0
Impulse,0.0,0.0,0.0,0.0
Infinity,4.0,1.0,0.0,0.0
Infoneral,4.0,0.0,0.0,0.0
Innaxe,33.0,6.0,2.0,0.0
Insanity,26.0,7.0,0.0,0.0
Inspire,17.0,1.0,0.0,0.0
Inspired,16.0,0.0,0.0,0.0
Instinct,13.0,4.0,0.0,0.0
Intensitive,1.0,0.0,0.0,0.0
Intio,18.0,7.0,2.0,0.0
IntoxqZz,2.0,2.0,0.0,0.0
Inzuh,13.0,0.0,0.0,0.0
Ipecacuhana,0.0,0.0,0.0,0.0
Irrelevant,9.0,2.0,0.0,0.0
Isles,2.0,0.0,0.0,0.0
Italin,0.0,0.0,0.0,0.0
ItsCoto,1.0,1.0,0.0,0.0
Ivama,7.0,1.0,0.0,0.0
Ivok,3.0,0.0,0.0,0.0
Ivory,16.0,3.0,0.0,0.0
J0J0C,16.0,5.0,0.0,0.0
J3rkie,1.0,0.0,0.0,0.0
JACTROLL,4.0,0.0,0.0,0.0
JForteX,0.0,0.0,0.0,0.0
JNX,14.0,3.0,0.0,0.0
JT,0.0,0.0,0.0,0.0
JaVaaa,2.0,0.0,0.0,0.0
Jabu,0.0,0.0,0.0,0.0
Jackal,37.0,5.0,2.0,1.0
JackeyLove,3.0,0.0,0.0,0.0
Jackies,15.0,1.0,1.0,0.0
Jaehyuk,21.0,3.0,0.0,0.0
Jakobobbi,0.0,0.0,0.0,0.0
Jakoo,0.0,0.0,0.0,0.0
Jalleba,20.0,6.0,1.0,0.0
Jamie,16.0,3.0,1.0,0.0
Jandro,0.0,0.0,0.0,0.0
Janis,4.0,0.0,0.0,0.0
Jankos,9.0,1.0,0.0,0.0
Janus,28.0,3.0,2.0,0.0
Jarvis,3.0,0.0,0.0,0.0
Jauny,5.0,1.0,0.0,0.0
JayJay,3.0,2.0,0.0,0.0
Jcom,3.0,1.0,0.0,0.0
Jellou,2.0,0.0,0.0,0.0
Jelly,0.0,0.0,0.0,0.0
Jenxas,12.0,0.0,0.0,0.0
Jericho,4.0,1.0,0.0,0.0
Jerry,0.0,0.0,0.0,0.0
Jeskla,35.0,13.0,0.0,0.0
Jeykup,19.0,1.0,0.0,0.0
Jeyrus,6.0,1.0,1.0,0.0
Jezu,21.0,6.0,2.0,0.0
JiT,0.0,0.0,0.0,0.0
JiaHao,7.0,3.0,1.0,0.0
JiaQi,0.0,0.0,0.0,0.0
Jiejie,0.0,0.0,0.0,0.0
JimieN,7.0,0.0,0.0,0.0
Jimsnop,7.0,1.0,0.0,0.0
Jinbeom,45.0,7.0,1.0,0.0
Jisoo,0.0,0.0,0.0,0.0
Jiux,2.0,0.0,0.0,0.0
Jiwoo,68.0,16.0,1.0,0.0
JoJo,0.0,0.0,0.0,0.0
JoKozz,0.0,0.0,0.0,0.0
Joao,8.0,0.0,0.0,0.0
Joekie,9.0,1.0,0.0,0.0
Joexy,0.0,0.0,0.0,0.0
Johnarnau,0.0,0.0,0.0,0.0
Joinze,18.0,2.0,0.0,0.0
Jojopyun,24.0,1.0,0.0,0.0
JokerHan,2.0,0.0,0.0,0.0
Joki37,5.0,0.0,0.0,0.0
Jool,29.0,1.0,0.0,0.0
Jopa,38.0,6.0,2.0,1.0
Jordan,0.0,0.0,0.0,0.0
Josedeodo,18.0,1.0,0.0,0.0
Josifek04,17.0,3.0,1.0,1.0
Jovian,0.0,0.0,0.0,0.0
JuanDeDios,1.0,0.0,0.0,0.0
Juhan,22.0,3.0,0.0,0.0
Juliera,4.0,1.0,0.0,0.0
Julzh,0.0,0.0,0.0,0.0
Jun,1.0,0.0,0.0,0.0
JunJia,31.0,6.0,2.0,1.0
Jungoat,3.0,1.0,0.0,0.0
Junhao,0.0,0.0,0.0,0.0
JustFocus,0.0,0.0,0.0,0.0
Juzu,12.0,3.0,1.0,0.0
Jwei,0.0,0.0,0.0,0.0
Jwic,2.0,1.0,0.0,0.0
K0G0LA,0.0,0.0,0.0,0.0
K1ng,9.0,0.0,0.0,0.0
KCH Jericho,0.0,0.0,0.0,0.0
KCH jericho,2.0,0.0,0.0,0.0
KDavid02,5.0,0.0,0.0,0.0
KGA Darky,0.0,0.0,0.0,0.0
KGA Senor,0.0,0.0,0.0,0.0
KGA Slimsnoker,0.0,0.0,0.0,0.0
KJ Yikesuo,2.0,0.0,0.0,0.0
KKT,4.0,1.0,0.0,0.0
KNEZA,17.0,4.0,0.0,0.0
KOUBEE,18.0,1.0,0.0,0.0
KSAEZ,10.0,0.0,0.0,0.0
KT A Cid,3.0,0.0,0.0,0.0
KT A FenRir,6.0,1.0,0.0,0.0
KT A Pleasure,0.0,0.0,0.0,0.0
KT A Ripple,4.0,2.0,1.0,0.0
KT A Soft,2.0,0.0,0.0,0.0
Ka1ser,18.0,2.0,1.0,0.0
Kaba,7.0,1.0,0.0,0.0
Kaboom,5.0,2.0,0.0,0.0
Kackos,2.0,0.0,0.0,0.0
Kael,0.0,0.0,0.0,0.0
Kaido,5.0,1.0,0.0,0.0
Kaii,18.0,8.0,2.0,0.0
Kaiser,0.0,0.0,0.0,0.0
Kaiwing,1.0,0.0,0.0,0.0
Kakarot,2.0,0.0,0.0,0.0
Kakkun,9.0,2.0,0.0,0.0
KalenBoss,6.0,1.0,0.0,0.0
Kamiloo,10.0,2.0,0.0,0.0
Kamon,2.0,0.0,0.0,0.0
Kamyta,0.0,0.0,0.0,0.0
Kanavi,4.0,0.0,0.0,0.0
Kancolf,0.0,0.0,0.0,0.0
Kandar,0.0,0.0,0.0,0.0
Kangin,20.0,1.0,0.0,0.0
Kania,16.0,1.0,0.0,0.0
Kanra,0.0,0.0,0.0,0.0
Kaori,11.0,4.0,0.0,0.0
Kaplica,0.0,0.0,0.0,0.0
Kappa1,11.0,2.0,1.0,0.0
Karaage,17.0,4.0,0.0,0.0
Karakal Jr,0.0,0.0,0.0,0.0
Karis,0.0,0.0,0.0,0.0
Kars,0.0,0.0,0.0,0.0
Karsa,17.0,0.0,0.0,0.0
Kartso,0.0,0.0,0.0,0.0
Kaseko,1.0,0.0,0.0,0.0
Kasing,0.0,0.0,0.0,0.0
KatEvolved,16.0,3.0,0.0,0.0
Kati,22.0,4.0,1.0,0.0
Katquese,0.0,0.0,0.0,0.0
KatzGames,11.0,3.0,0.0,0.0
Kaylem,17.0,1.0,0.0,0.0
Kaymin,20.0,2.0,0.0,0.0
Kaze,23.0,5.0,0.0,0.0
Kazing,2.0,1.0,0.0,0.0
Kazunn,9.0,0.0,0.0,0.0
Keduii,18.0,2.0,1.0,0.0
Keel,2.0,0.0,0.0,0.0
Keii,18.0,3.0,1.0,0.0
Keine,9.0,2.0,0.0,0.0
Keishao,0.0,0.0,0.0,0.0
Kellie,0.0,0.0,0.0,0.0
Kellin,1.0,0.0,0.0,0.0
Kelpo,0.0,0.0,0.0,0.0
Kemish,34.0,4.0,0.0,0.0
Kenal,47.0,8.0,0.0,0.0
Kenma,8.0,0.0,0.0,0.0
Kensei,0.0,0.0,0.0,0.0
Kenvi,8.0,1.0,0.0,0.0
Keptt,2.0,0.0,0.0,0.0
Keres,6.0,2.0,0.0,0.0
Keria,6.0,0.0,0.0,0.0
Kerraii,0.0,0.0,0.0,0.0
Kerry,0.0,0.0,0.0,0.0
Khaydarin,10.0,3.0,0.0,0.0
Kheng,4.0,1.0,0.0,0.0
Kiari,10.0,2.0,0.0,0.0
Kiaya,28.0,4.0,1.0,0.0
Kice,1.0,0.0,0.0,0.0
Kick,0.0,0.0,0.0,0.0
Kiefer,9.0,0.0,0.0,0.0
Kiin,46.0,7.0,0.0,0.0
Kiki,0.0,0.0,0.0,0.0
Kikis,10.0,1.0,1.0,0.0
Killer2,13.0,0.0,0.0,0.0
KinGi,7.0,2.0,1.0,0.0
Kina,4.0,0.0,0.0,0.0
Kinatu,35.0,4.0,0.0,0.0
Kindless,6.0,2.0,0.0,0.0
Kingen,25.0,2.0,0.0,0.0
Kingsblade,2.0,0.0,0.0,0.0
Kino,4.0,0.0,0.0,0.0
Kio,34.0,7.0,0.0,0.0
Kireas,29.0,5.0,1.0,0.0
Kirei,0.0,0.0,0.0,0.0
Kirin,0.0,0.0,0.0,0.0
Kisee,13.0,2.0,0.0,0.0
Kisno,9.0,1.0,0.0,0.0
Kita,0.0,0.0,0.0,0.0
Kitin,0.0,0.0,0.0,0.0
Kituruken,10.0,2.0,1.0,0.0
Kiwi,0.0,0.0,0.0,0.0
Klownz,1.0,0.0,0.0,0.0
Knight,16.0,1.0,0.0,0.0
Knighter,4.0,0.0,0.0,0.0
Knika,0.0,0.0,0.0,0.0
Koala,6.0,1.0,0.0,0.0
Kobbe,9.0,1.0,0.0,0.0
Kobs,3.0,0.0,0.0,0.0
Kocourek,4.0,0.0,0.0,0.0
Koczis,2.0,0.0,0.0,0.0
Kodie,0.0,0.0,0.0,0.0
Kodo,4.0,0.0,0.0,0.0
Kofte,12.0,0.0,0.0,0.0
Kojima,20.0,6.0,2.0,0.0
Kokos,9.0,1.0,0.0,0.0
Koldo,4.0,1.0,0.0,0.0
Kolios,0.0,0.0,0.0,0.0
Konan,1.0,0.0,0.0,0.0
Kongyue,1.0,1.0,0.0,0.0
Kotva,0.0,0.0,0.0,0.0
Kotvyc 74,6.0,1.0,0.0,0.0
Koussay,31.0,3.0,0.0,0.0
KoxTroll,6.0,0.0,0.0,0.0
Kozak,11.0,3.0,0.0,0.0
Kozi,34.0,6.0,1.0,0.0
Krastyel,3.0,0.0,0.0,0.0
Kratos,26.0,2.0,0.0,0.0
Kreative,26.0,3.0,1.0,0.0
Krest,19.0,3.0,0.0,0.0
Krimson,10.0,2.0,0.0,0.0
Krosak,8.0,2.0,1.0,0.0
Kruimel,10.0,3.0,0.0,0.0
KryRa,3.0,0.0,0.0,0.0
Krysia,1.0,0.0,0.0,0.0
Kryze,11.0,1.0,0.0,0.0
Kubus,0.0,0.0,0.0,0.0
Kulvas,17.0,4.0,0.0,0.0
Kumew,8.0,1.0,1.0,0.0
Kurahuto,1.0,0.0,0.0,0.0
Kurama,0.0,0.0,0.0,0.0
Kuri,3.0,0.0,0.0,0.0
Kuroko1,0.0,0.0,0.0,0.0
Kuroneel,45.0,8.0,3.0,1.0
Kutarra,0.0,0.0,0.0,0.0
Kutcher,0.0,0.0,0.0,0.0
Kwebz,2.0,0.0,0.0,0.0
Kyanna,0.0,0.0,0.0,0.0
L1,1.0,0.0,0.0,0.0
L1f,5.0,2.0,0.0,0.0
L1mit,53.0,20.0,4.0,1.0
LADYBUG,26.0,7.0,1.0,1.0
LANDY,3.0,0.0,0.0,0.0
LDK,1.0,1.0,0.0,0.0
LGE martote,2.0,2.0,0.0,0.0
LGR Porttinari,2.0,0.0,0.0,0.0
LGR V4MPYRE,0.0,0.0,0.0,0.0
LIDER,5.0,2.0,0.0,0.0
LIMIT,3.0,0.0,0.0,0.0
LL,3.0,0.0,0.0,0.0
LLH Doma1,3.0,0.0,0.0,0.0
LOS  M G,0.0,0.0,0.0,0.0
LOS Aegis,0.0,0.0,0.0,0.0
LP,0.0,0.0,0.0,0.0
LS,0.0,0.0,0.0,0.0
LUP Aspect2,2.0,1.0,1.0,0.0
LUP Jayquan,1.0,0.0,0.0,0.0
LUP KDavid02,6.0,1.0,0.0,0.0
LVS,4.0,1.0,0.0,0.0
Labrov,0.0,0.0,0.0,0.0
Lac,25.0,5.0,1.0,0.0
Lagolinas,8.0,3.0,0.0,0.0
Lancer,30.0,6.0,2.0,0.0
Larssen,6.0,0.0,0.0,0.0
Later,8.0,0.0,0.0,0.0
Lauxio,0.0,0.0,0.0,0.0
Lazarus,7.0,1.0,0.0,0.0
LazyFeel,63.0,9.0,2.0,0.0
Leaky,1.0,0.0,0.0,0.0
Leandrinn,13.0,4.0,1.0,0.0
Leave,0.0,0.0,0.0,0.0
Leazor,0.0,0.0,0.0,0.0
Leb,40.0,3.0,1.0,0.0
Leemas,1.0,0.0,0.0,0.0
Legolas,91.0,19.0,7.0,0.0
Lehends,2.0,0.0,0.0,0.0
Lekcyc,1.0,0.0,0.0,0.0
Leks,13.0,1.0,0.0,0.0
Lele,0.0,0.0,0.0,0.0
Leleko,3.0,0.0,0.0,0.0
Lelouch,1.0,0.0,0.0,0.0
Lens,27.0,8.0,1.0,0.0
Leny,11.0,2.0,0.0,0.0
Leo,13.0,1.0,0.0,0.0
Leo D Aras,0.0,0.0,0.0,0.0
Leo s Man,0.0,0.0,0.0,0.0
LeoLeCargo,0.0,0.0,0.0,0.0
Leon,1.0,0.0,0.0,0.0
Levi,30.0,2.0,0.0,0.0
Levitate,8.0,2.0,0.0,0.0
Levizin,2.0,1.0,0.0,0.0
Levy,10.0,0.0,0.0,0.0
Leza,17.0,3.0,0.0,0.0
Liangchen,1.0,0.0,0.0,0.0
Liar,25.0,5.0,2.0,1.0
Libra,8.0,1.0,0.0,0.0
Licorice,4.0,0.0,0.0,0.0
Life,1.0,0.0,0.0,0.0
Ligen,3.0,0.0,0.0,0.0
Light,0.0,0.0,0.0,0.0
LightFall,5.0,0.0,0.0,0.0
Liivek,7.0,0.0,0.0,0.0
Likai,15.0,2.0,0.0,0.0
Likeamaws,1.0,0.0,0.0,0.0
Lil,2.0,0.0,0.0,0.0
Lilipp,1.0,0.0,0.0,0.0
Lilv,8.0,3.0,0.0,0.0
Lime,3.0,0.0,0.0,0.0
Lind,0.0,0.0,0.0,0.0
Lindgarde,19.0,3.0,0.0,0.0
Linfeng,0.0,0.0,0.0,0.0
Lio,1.0,0.0,0.0,0.0
Lira,0.0,0.0,0.0,0.0
Lirua,0.0,0.0,0.0,0.0
Listo,12.0,2.0,1.0,0.0
Liweier,20.0,3.0,0.0,0.0
Lixo,0.0,0.0,0.0,0.0
Lizia,0.0,0.0,0.0,0.0
Loading,5.0,0.0,0.0,0.0
Loers,4.0,0.0,0.0,0.0
Lofti,1.0,0.0,0.0,0.0
Lojaz,3.0,0.0,0.0,0.0
Loki,35.0,10.0,0.0,0.0
Lonely,5.0,0.0,0.0,0.0
Loopy,0.0,0.0,0.0,0.0
Lorenz,0.0,0.0,0.0,0.0
Lospa,1.0,0.0,0.0,0.0
Lost,10.0,1.0,0.0,0.0
Lostboy,0.0,0.0,0.0,0.0
Lot,9.0,3.0,0.0,0.0
Lothen,47.0,4.0,1.0,0.0
Lozer,7.0,2.0,0.0,0.0
Ls,0.0,0.0,0.0,0.0
Luca Brassi,8.0,3.0,0.0,0.0
Lucid,34.0,4.0,1.0,1.0
Lucker,6.0,1.0,0.0,0.0
Lucky,1.0,0.0,0.0,0.0
Lucy,4.0,1.0,0.0,0.0
Ludas Matyi,0.0,0.0,0.0,0.0
Luis,0.0,0.0,0.0,0.0
Luke,0.0,0.0,0.0,0.0
Luknom,1.0,0.0,0.0,0.0
Lukyss,23.0,4.0,1.0,0.0
Lulas,7.0,2.0,0.0,0.0
Lumi,0.0,0.0,0.0,0.0
Lunatic,0.0,0.0,0.0,0.0
Luon,0.0,0.0,0.0,0.0
Lurox,3.0,0.0,0.0,0.0
Lvsyan,2.0,0.0,0.0,0.0
Lyg,12.0,1.0,0.0,0.0
Lyncas,7.0,1.0,0.0,0.0
Lyng,0.0,0.0,0.0,0.0
Lynkez,10.0,5.0,0.0,0.0
Lyonz,0.0,0.0,0.0,0.0
M G,23.0,3.0,0.0,0.0
MAT,0.0,0.0,0.0,0.0
MAXI,5.0,0.0,0.0,0.0
MDB,8.0,0.0,0.0,0.0
ME Souma Ria,0.0,0.0,0.0,0.0
ME Sprinta,0.0,0.0,0.0,0.0
ME Zyon,0.0,0.0,0.0,0.0
MG QTC9,8.0,2.0,2.0,0.0
MG Selxiss,3.0,1.0,1.0,0.0
MGZ Draxo5,0.0,0.0,0.0,0.0
MGZ Lelouch2,1.0,0.0,0.0,0.0
MISSING,0.0,0.0,0.0,0.0
MKR,6.0,1.0,0.0,0.0
MOT Benny1,1.0,0.0,0.0,0.0
MT2 Casey,0.0,0.0,0.0,0.0
MT2 Epic,1.0,0.0,0.0,0.0
MT2 Jetski,0.0,0.0,0.0,0.0
MT2 Trollnekton,1.0,0.0,0.0,0.0
MT2 lStephanl,0.0,0.0,0.0,0.0
MUDAI,56.0,8.0,1.0,0.0
MVG Doni1,0.0,0.0,0.0,0.0
MVG Piscis,0.0,0.0,0.0,0.0
MYTH Uncle Iroh,0.0,0.0,0.0,0.0
Mac Abert,0.0,0.0,0.0,0.0
Macaquino,1.0,0.0,0.0,0.0
MadDogg9,8.0,2.0,0.0,0.0
Mafro,5.0,2.0,0.0,0.0
Maged,33.0,8.0,2.0,0.0
Magic,8.0,0.0,0.0,0.0
Magico,1.0,0.0,0.0,0.0
Mago,9.0,1.0,0.0,0.0
Mahonix,0.0,0.0,0.0,0.0
MaiYuk,12.0,0.0,0.0,0.0
Makes,11.0,1.0,0.0,0.0
Makitah,6.0,1.0,0.0,0.0
Makk,7.0,0.0,0.0,0.0
Mako,7.0,2.0,2.0,0.0
Malala,0.0,0.0,0.0,0.0
Malice,0.0,0.0,0.0,0.0
Malrang,1.0,0.0,0.0,0.0
Manaty,29.0,3.0,2.0,1.0
Manel,0.0,0.0,0.0,0.0
Manolito,1.0,0.0,0.0,0.0
ManoloGap,16.0,3.0,0.0,0.0
Maple,1.0,0.0,0.0,0.0
Marbirius,26.0,2.0,1.0,0.0
Marble,33.0,6.0,3.0,1.0
Marco,4.0,0.0,0.0,0.0
Marcv1,36.0,6.0,0.0,0.0
Mario,3.0,1.0,0.0,0.0
Markoon,8.0,1.0,0.0,0.0
Markus,0.0,0.0,0.0,0.0
Marky,12.0,1.0,0.0,0.0
Marlley,0.0,0.0,0.0,0.0
Marrow Ooze,9.0,1.0,0.0,0.0
Marth,25.0,11.0,3.0,1.0
Marty,45.0,6.0,0.0,0.0
Maru,9.0,1.0,0.0,0.0
Marvin,4.0,0.0,0.0,0.0
Marzaya,3.0,1.0,0.0,0.0
Marzo,9.0,0.0,0.0,0.0
Mask,5.0,3.0,1.0,1.0
Massu,57.0,17.0,1.0,0.0
Master Jos,6.0,1.0,0.0,0.0
MasuHana,7.0,1.0,0.0,0.0
Masuyo,0.0,0.0,0.0,0.0
Mataz,8.0,0.0,0.0,0.0
MathisV,11.0,1.0,0.0,0.0
Matias,16.0,4.0,0.0,0.0
Matislaw,10.0,3.0,0.0,0.0
Matixx,5.0,3.0,1.0,0.0
Matsukaze,5.0,0.0,0.0,0.0
Matty,1.0,0.0,0.0,0.0
Maty,0.0,0.0,0.0,0.0
Mauki,9.0,3.0,0.0,0.0
MaxSchallah,0.0,0.0,0.0,0.0
MaxouTigrou,2.0,0.0,0.0,0.0
Maxterium,2.0,0.0,0.0,0.0
Maynter,30.0,7.0,0.0,0.0
Mazi,0.0,0.0,0.0,0.0
Mega,1.0,0.0,0.0,0.0
MegaJ,2.0,1.0,0.0,0.0
Meiko,0.0,0.0,0.0,0.0
Melonik,23.0,3.0,0.0,0.0
Mentos,12.0,2.0,0.0,0.0
Meoow,3.0,0.0,0.0,0.0
Mercury,2.0,0.0,0.0,0.0
Mercy9,18.0,0.0,0.0,0.0
Mersa,0.0,0.0,0.0,0.0
MetroArcher,31.0,4.0,0.0,0.0
Metroflox,13.0,3.0,0.0,0.0
Mettalica,4.0,2.0,1.0,1.0
Mewkyo,14.0,1.0,0.0,0.0
Mezze,0.0,0.0,0.0,0.0
Miata,5.0,0.0,0.0,0.0
Midir,18.0,1.0,0.0,0.0
Midnight,29.0,4.0,1.0,0.0
Miella,0.0,0.0,0.0,0.0
Mietek,24.0,5.0,1.0,0.0
Mihai,27.0,4.0,1.0,0.0
MihawK,33.0,7.0,1.0,1.0
Mihile,40.0,8.0,1.0,0.0
Mikano,1.0,0.0,0.0,0.0
Mikkel,9.0,4.0,0.0,0.0
Mikusik,8.0,3.0,0.0,0.0
Mikyx,3.0,0.0,0.0,0.0
Milan,2.0,0.0,0.0,0.0
Mildorff,0.0,0.0,0.0,0.0
Milkshake,0.0,0.0,0.0,0.0
Mimic,7.0,1.0,0.0,0.0
Mimosa,3.0,1.0,0.0,0.0
Miniduke,15.0,5.0,0.0,0.0
Minji,22.0,6.0,0.0,0.0
Minous,1.0,0.0,0.0,0.0
Minu,14.0,5.0,1.0,0.0
Minui,1.0,0.0,0.0,0.0
Mio7,3.0,1.0,0.0,0.0
Mir,2.0,0.0,0.0,0.0
Miracle,0.0,0.0,0.0,0.0
Mireu,19.0,1.0,0.0,0.0
Mirrowfox,10.0,0.0,0.0,0.0
Mis,0.0,0.0,0.0,0.0
Misaki,0.0,0.0,0.0,0.0
Mishal,0.0,0.0,0.0,0.0
Mishi,23.0,5.0,0.0,0.0
Mission,1.0,0.0,0.0,0.0
Mita,2.0,0.0,0.0,0.0
Mitir,0.0,0.0,0.0,0.0
Mixtsure,1.0,0.0,0.0,0.0
Miyuuri,0.0,0.0,0.0,0.0
MnM,1.0,0.0,0.0,0.0
Mobility,28.0,5.0,2.0,0.0
Moham,0.0,0.0,0.0,0.0
Molanes,2.0,0.0,0.0,0.0
Momo,24.0,4.0,0.0,0.0
Momochi,0.0,0.0,0.0,0.0
Monki,0.0,0.0,0.0,0.0
Mood,1.0,0.0,0.0,0.0
Morfan,4.0,1.0,0.0,0.0
Morgan,22.0,3.0,1.0,0.0
Morttheus,33.0,9.0,0.0,0.0
MrFreezed,14.0,2.0,1.0,0.0
MrHB,11.0,2.0,1.0,0.0
MrJackson,6.0,0.0,0.0,0.0
MrPhant0m,20.0,4.0,0.0,0.0
Mrozku,32.0,5.0,0.0,0.0
Mun,0.0,0.0,0.0,0.0
Munet,2.0,0.0,0.0,0.0
Music,12.0,1.0,0.0,0.0
Mutton,0.0,0.0,0.0,0.0
Mxe,0.0,0.0,0.0,0.0
MyCash,6.0,2.0,0.0,0.0
Myrtus,1.0,0.0,0.0,0.0
Myrwn,26.0,2.0,0.0,0.0
Mysterias,0.0,0.0,0.0,0.0
Mystiques,0.0,0.0,0.0,0.0
MélyaP,9.0,2.0,0.0,0.0
N3znamy,0.0,0.0,0.0,0.0
NBA,3.0,0.0,0.0,0.0
NCP Lchallenge,1.0,0.0,0.0,0.0
NCP Nangning,10.0,0.0,0.0,0.0
NCP Sassappel,2.0,0.0,0.0,0.0
NCP saru,12.0,3.0,0.0,0.0
NF Albino Poro,0.0,0.0,0.0,0.0
NF Erika,0.0,0.0,0.0,0.0
NF Geraldes,1.0,0.0,0.0,0.0
NF LEVIATAN,0.0,0.0,0.0,0.0
NF Oshii,0.0,0.0,0.0,0.0
NF Saibotbias,0.0,0.0,0.0,0.0
NF saibotbias,1.0,0.0,0.0,0.0
NGU Kairi1,1.0,0.0,0.0,0.0
NGU Kngo1,1.0,0.0,0.0,0.0
NGU PeterL,6.0,2.0,0.0,0.0
NGU Seebulabu1,0.0,0.0,0.0,0.0
NGU Slowz1,5.0,0.0,0.0,0.0
NGU Souma,1.0,0.0,0.0,0.0
NGU Warrior1,1.0,0.0,0.0,0.0
NGX Bey0nd,0.0,0.0,0.0,0.0
NGX Tricky,2.0,0.0,0.0,0.0
NOMA,8.0,0.0,0.0,0.0
NSA Achael,1.0,1.0,0.0,0.0
NSA Bada,1.0,0.0,0.0,0.0
NSA Chien,0.0,0.0,0.0,0.0
NSA Namsi,0.0,0.0,0.0,0.0
NT Ripper1,1.0,0.0,0.0,0.0
Naak Nako,12.0,1.0,0.0,0.0
Nacho,0.0,0.0,0.0,0.0
Nade,0.0,0.0,0.0,0.0
Nafkelah,41.0,4.0,0.0,0.0
NaiNa,11.0,2.0,0.0,0.0
Nainess,0.0,0.0,0.0,0.0
Naitz,4.0,0.0,0.0,0.0
Namgung,2.0,0.0,0.0,0.0
Namsi,1.0,0.0,0.0,0.0
Nan0,20.0,3.0,1.0,0.0
Nanaue,28.0,4.0,0.0,0.0
Nanchuco,18.0,3.0,0.0,0.0
Nannini,10.0,0.0,0.0,0.0
Naros,5.0,1.0,0.0,0.0
Narttaker,3.0,0.0,0.0,0.0
Nary,4.0,2.0,0.0,0.0
Nash,3.0,0.0,0.0,0.0
Nasser,2.0,0.0,0.0,0.0
Nasut,2.0,0.0,0.0,0.0
Nata,16.0,3.0,1.0,0.0
NattyNatt,5.0,1.0,1.0,0.0
Naviah,19.0,2.0,0.0,0.0
Nawa,22.0,3.0,0.0,0.0
Nawaf,27.0,8.0,1.0,0.0
Neadz,6.0,2.0,0.0,0.0
Necro,8.0,1.0,1.0,0.0
Nekro,1.0,0.0,0.0,0.0
Nemesis,41.0,8.0,2.0,1.0
Nenad,34.0,6.0,1.0,0.0
Neo,2.0,0.0,0.0,0.0
Neon,42.0,12.0,1.0,0.0
Neramin,46.0,13.0,0.0,0.0
Nerion,7.0,1.0,0.0,0.0
Nero,8.0,1.0,0.0,0.0
Nestea,8.0,2.0,0.0,0.0
Nesty,18.0,3.0,1.0,0.0
Netuno,22.0,9.0,5.0,1.0
Nevid,26.0,3.0,1.0,1.0
Nia,8.0,3.0,0.0,0.0
Nice Guy Ben,8.0,1.0,0.0,0.0
NightSlayer,16.0,3.0,0.0,0.0
Nightmares,0.0,0.0,0.0,0.0
Nightstar,0.0,0.0,0.0,0.0
Niket,0.0,0.0,0.0,0.0
Nikiyas,29.0,8.0,2.0,1.0
Nikolex,9.0,3.0,0.0,0.0
Nille,20.0,4.0,0.0,0.0
Ninefog,4.0,2.0,0.0,0.0
NinjaKiwi,17.0,4.0,0.0,0.0
Ninji,1.0,0.0,0.0,0.0
Nino,7.0,1.0,0.0,0.0
Ninten,1.0,0.0,0.0,0.0
Nio,2.0,0.0,0.0,0.0
Niqkl,3.0,1.0,0.0,0.0
Nisqy,1.0,0.0,0.0,0.0
Nite,0.0,0.0,0.0,0.0
Nitz,3.0,1.0,0.0,0.0
NoDu,0.0,0.0,0.0,0.0
NoName,6.0,1.0,0.0,0.0
NoWay,11.0,1.0,0.0,0.0
Noah,29.0,6.0,3.0,1.0
Nobody,2.0,1.0,0.0,0.0
Nomi,10.0,2.0,0.0,0.0
Noodle,23.0,2.0,0.0,0.0
Norwegian,39.0,6.0,1.0,0.0
Notiko,23.0,4.0,1.0,0.0
Nottingham,0.0,0.0,0.0,0.0
Nova,0.0,0.0,0.0,0.0
NowFin,2.0,0.0,0.0,0.0
Noz2k,39.0,3.0,0.0,0.0
Nsurr,1.0,0.0,0.0,0.0
NuQ,29.0,7.0,1.0,0.0
Nukez,2.0,0.0,0.0,0.0
NvN,4.0,0.0,0.0,0.0
Nyx,4.0,0.0,0.0,0.0
ODD Chomp,0.0,0.0,0.0,0.0
ODD Miracle2,0.0,0.0,0.0,0.0
ODD WhiteWolf,0.0,0.0,0.0,0.0
OMON,38.0,6.0,3.0,0.0
ON,0.0,0.0,0.0,0.0
ONLY,78.0,20.0,5.0,1.0
OTS Creepano,0.0,0.0,0.0,0.0
OTS Silk2,2.0,1.0,0.0,0.0
OUAT kkero,0.0,0.0,0.0,0.0
OWLONSKY,13.0,1.0,1.0,0.0
Obstinatus,1.0,0.0,0.0,0.0
Oceann,1.0,0.0,0.0,0.0
Oda,0.0,0.0,0.0,0.0
OddEye,74.0,17.0,3.0,1.0
Oddielan,3.0,0.0,0.0,0.0
Odessa,1.0,1.0,0.0,0.0
Odi11,49.0,12.0,3.0,0.0
Oguzkhan,1.0,0.0,0.0,0.0
OkerumoN,3.0,0.0,0.0,0.0
Oleg,18.0,2.0,2.0,0.0
Oner,48.0,3.0,0.0,0.0
Only35,1.0,0.0,0.0,0.0
Opeduy,11.0,2.0,0.0,0.0
Ophelia,3.0,0.0,0.0,0.0
Orca,3.0,0.0,0.0,0.0
OrthoZero,1.0,0.0,0.0,0.0
Osaki,1.0,0.0,0.0,0.0
Oscarinin,15.0,0.0,0.0,0.0
Osman123,22.0,3.0,1.0,1.0
Ouzi,8.0,1.0,0.0,0.0
OvO,1.0,0.0,0.0,0.0
OverT1me,0.0,0.0,0.0,0.0
Overpow,6.0,0.0,0.0,0.0
Own3r,13.0,1.0,0.0,0.0
Ozgur,5.0,0.0,0.0,0.0
P1ng,3.0,1.0,0.0,0.0
P9,4.0,1.0,0.0,0.0
PAPU Lucas,1.0,0.0,0.0,0.0
PAPU Nithral,0.0,0.0,0.0,0.0
PAPU Papulon,0.0,0.0,0.0,0.0
PAPU Raviool,1.0,0.0,0.0,0.0
PAPU Xami,0.0,0.0,0.0,0.0
PAPU its me,0.0,0.0,0.0,0.0
PAPU moaixd,1.0,0.0,0.0,0.0
PCS OQ01,0.0,0.0,0.0,0.0
PCS OQ02,0.0,0.0,0.0,0.0
PCS OQ03,1.0,0.0,0.0,0.0
PCS OQ04,4.0,0.0,0.0,0.0
PCS OQ07,0.0,0.0,0.0,0.0
PCS OQ12,0.0,0.0,0.0,0.0
PCS OQ31,0.0,0.0,0.0,0.0
PCS OQ32,2.0,0.0,0.0,0.0
PCS OQ33,3.0,1.0,0.0,0.0
PCS OQ34,4.0,0.0,0.0,0.0
PCS OQ35,0.0,0.0,0.0,0.0
PCS OQ61,4.0,2.0,0.0,0.0
PCS OQ63,5.0,0.0,0.0,0.0
PCS OQ65,1.0,0.0,0.0,0.0
PCS OQ67,5.0,1.0,1.0,0.0
PHT,0.0,0.0,0.0,0.0
PLS Aadam,1.0,0.0,0.0,0.0
PLS Tubs,0.0,0.0,0.0,0.0
PME Asykz,3.0,0.0,0.0,0.0
PME Calypse,0.0,0.0,0.0,0.0
PME Den,3.0,1.0,0.0,0.0
PME Zoro,3.0,1.0,0.0,0.0
PO8,0.0,0.0,0.0,0.0
PPS BMCB,1.0,0.0,0.0,0.0
PPS Lostboy,0.0,0.0,0.0,0.0
PPS Pasxalis,0.0,0.0,0.0,0.0
PPS SLynx,1.0,0.0,0.0,0.0
Pablerah,0.0,0.0,0.0,0.0
Pabu,8.0,1.0,0.0,0.0
Padawii,15.0,4.0,1.0,0.0
Paduck,82.0,17.0,3.0,1.0
Pain5,16.0,3.0,0.0,0.0
Painful,24.0,2.0,0.0,0.0
Painter,27.0,1.0,0.0,0.0
Paixdia,0.0,0.0,0.0,0.0
Paladin,4.0,0.0,0.0,0.0
Palafox,15.0,4.0,1.0,1.0
Pallet,19.0,8.0,1.0,0.0
Pancake,7.0,1.0,0.0,0.0
Panda2,14.0,1.0,0.0,0.0
Pangjin,36.0,8.0,1.0,0.0
Pankiu,0.0,0.0,0.0,0.0
Pann,0.0,0.0,0.0,0.0
Panther,56.0,7.0,1.0,0.0
Paolocannone,0.0,0.0,0.0,0.0
Paparotis,2.0,0.0,0.0,0.0
Papiteero,16.0,0.0,0.0,0.0
Paresz,6.0,0.0,0.0,0.0
Parlita,7.0,0.0,0.0,0.0
Parukia,0.0,0.0,0.0,0.0
Parus,1.0,0.0,0.0,0.0
Pasha,0.0,0.0,0.0,0.0
Passzi,1.0,0.0,0.0,0.0
Pasu,1.0,0.0,0.0,0.0
Patch,2.0,0.0,0.0,0.0
PatkicaA,11.0,3.0,0.0,0.0
Patrik,13.0,0.0,0.0,0.0
PatxiPirata,10.0,0.0,0.0,0.0
Pbd,0.0,0.0,0.0,0.0
Pcelica,8.0,1.0,0.0,0.0
Peach,3.0,0.0,0.0,0.0
Peaker,7.0,3.0,0.0,0.0
Peanut,27.0,5.0,1.0,0.0
Peco,4.0,1.0,1.0,0.0
Pedrolo,0.0,0.0,0.0,0.0
Peng,6.0,2.0,1.0,0.0
PepiineroJr,12.0,2.0,0.0,0.0
Peppe,47.0,12.0,5.0,0.0
PerfecT,32.0,5.0,3.0,0.0
Pericolo,6.0,1.0,1.0,0.0
Perkz,4.0,0.0,0.0,0.0
Perle,11.0,2.0,0.0,0.0
Perry,2.0,0.0,0.0,0.0
Pesho,46.0,10.0,0.0,0.0
Peter,4.0,0.0,0.0,0.0
PeterL,3.0,1.0,0.0,0.0
Peto,1.0,0.0,0.0,0.0
Petoska,4.0,1.0,0.0,0.0
Peyz,0.0,0.0,0.0,0.0
Phantasm,37.0,11.0,4.0,1.0
Philip,2.0,1.0,0.0,0.0
Phlloz,0.0,0.0,0.0,0.0
Phoenix,0.0,0.0,0.0,0.0
Photic,0.0,0.0,0.0,0.0
Photon,19.0,1.0,1.0,0.0
Phuc1,10.0,2.0,0.0,0.0
PhyMini,9.0,3.0,0.0,0.0
Phyraxx,1.0,0.0,0.0,0.0
PicaPica,0.0,0.0,0.0,0.0
Piccolo,1.0,0.0,0.0,0.0
Piero,4.0,1.0,0.0,0.0
Pigeonx,0.0,0.0,0.0,0.0
Pika1,16.0,2.0,1.0,0.0
PikaSensei,0.0,0.0,0.0,0.0
Pikii,3.0,0.0,0.0,0.0
Piku,5.0,0.0,0.0,0.0
Pilot,11.0,1.0,0.0,0.0
Pinki,28.0,7.0,2.0,0.0
Pinkmin,0.0,0.0,0.0,0.0
Pipibaat,16.0,2.0,0.0,0.0
PiskHello,6.0,3.0,1.0,0.0
Pivolj,1.0,0.0,0.0,0.0
Piwek,0.0,0.0,0.0,0.0
Pleasure,3.0,0.0,0.0,0.0
Pleata,5.0,0.0,0.0,0.0
Plox,12.0,0.0,0.0,0.0
PmK,12.0,4.0,0.0,0.0
Pobelter,14.0,1.0,0.0,0.0
Poby,29.0,6.0,2.0,1.0
Pockus,0.0,0.0,0.0,0.0
Poipi,0.0,0.0,0.0,0.0
Pollu,1.0,0.0,0.0,0.0
Polychiki,0.0,0.0,0.0,0.0
Pooya,4.0,0.0,0.0,0.0
Popon,7.0,0.0,0.0,0.0
Potent,8.0,1.0,0.0,0.0
Pout,13.0,3.0,1.0,0.0
Poweh,13.0,5.0,1.0,0.0
PowerOfEvil,33.0,3.0,0.0,0.0
Prachoun,1.0,1.0,1.0,0.0
Praevius,0.0,0.0,0.0,0.0
Prage,6.0,0.0,0.0,0.0
Pretender,24.0,3.0,0.0,0.0
Prever,34.0,7.0,1.0,0.0
Pride,12.0,1.0,0.0,0.0
Prime,2.0,0.0,0.0,0.0
ProDelta,0.0,0.0,0.0,0.0
Prominence,8.0,1.0,0.0,0.0
PsYcraw,0.0,0.0,0.0,0.0
Puddin,29.0,6.0,2.0,1.0
Pulzer,7.0,2.0,0.0,0.0
Pun,7.0,0.0,0.0,0.0
Pungyeon,43.0,8.0,1.0,0.0
Putin,6.0,2.0,0.0,0.0
Pyeonsik,67.0,6.0,1.0,0.0
Pyl,0.0,0.0,0.0,0.0
Pyoox,0.0,0.0,0.0,0.0
Pyosik,17.0,1.0,0.0,0.0
Pyrka,0.0,0.0,0.0,0.0
QTD Van1,1.0,0.0,0.0,0.0
Qats,16.0,4.0,0.0,0.0
Qing,1.0,0.0,0.0,0.0
Qu4rtzo,1.0,0.0,0.0,0.0
Quad,38.0,5.0,0.0,0.0
Quantum,8.0,1.0,0.0,0.0
Qubi,4.0,0.0,0.0,0.0
Quid,22.0,5.0,0.0,0.0
Quokka,1.0,0.0,0.0,0.0
Qwacker,11.0,4.0,0.0,0.0
R0se,32.0,6.0,3.0,1.0
R1to,0.0,0.0,0.0,0.0
R4G Acke,2.0,1.0,0.0,0.0
R4G zagon,1.0,0.0,0.0,0.0
RAFBIN,1.0,1.0,0.0,0.0
RAGE xld,0.0,0.0,0.0,0.0
RAMES,11.0,2.0,0.0,0.0
RAV3N,0.0,0.0,0.0,0.0
REV,2.0,1.0,0.0,0.0
RG Konan3,0.0,0.0,0.0,0.0
RKR,7.0,1.0,0.0,0.0
RP SoimuMIC,0.0,0.0,0.0,0.0
RPG Kikumin,2.0,0.0,0.0,0.0
RPG Kiwi,3.0,0.0,0.0,0.0
RPG McGrath,2.0,0.0,0.0,0.0
RPG Nakamura,6.0,0.0,0.0,0.0
RPG Shawshank,3.0,0.0,0.0,0.0
RPG claude,2.0,0.0,0.0,0.0
RPG hanya,1.0,0.0,0.0,0.0
RPG kukka,1.0,0.0,0.0,0.0
RPG petal,3.0,0.0,0.0,0.0
RPG sign,1.0,0.0,0.0,0.0
RUD Congolese,0.0,0.0,0.0,0.0
RUD Gtracks,0.0,0.0,0.0,0.0
RUD Hydraa,0.0,0.0,0.0,0.0
RYue,38.0,3.0,2.0,1.0
RaFaL,0.0,0.0,0.0,0.0
Rabble,30.0,6.0,1.0,0.0
Rabelo,35.0,5.0,1.0,0.0
Rabstar,0.0,0.0,0.0,0.0
Rachy,0.0,0.0,0.0,0.0
Racon,13.0,2.0,0.0,0.0
Rafitta,11.0,2.0,1.0,0.0
Ragnarr,0.0,0.0,0.0,0.0
Ragner,17.0,2.0,0.0,0.0
Rahel,11.0,1.0,0.0,0.0
Raijin,0.0,0.0,0.0,0.0
Raina,3.0,0.0,0.0,0.0
Raizy,3.0,0.0,0.0,0.0
Ralf,9.0,2.0,1.0,0.0
Ramune,10.0,1.0,0.0,0.0
Randal,1.0,0.0,0.0,0.0
Random,44.0,2.0,0.0,0.0
RandomBruce,0.0,0.0,0.0,0.0
Rang,3.0,0.0,0.0,0.0
Ranger,0.0,0.0,0.0,0.0
Ranorr,0.0,0.0,0.0,0.0
RapMonsters,14.0,0.0,0.0,0.0
Raptor,20.0,2.0,0.0,0.0
Rashiro,2.0,0.0,0.0,0.0
Rassiel,0.0,0.0,0.0,0.0
Raxxo,1.0,0.0,0.0,0.0
RayFarky,7.0,2.0,0.0,0.0
Raydell,6.0,3.0,0.0,0.0
Rayito,32.0,6.0,0.0,0.0
Rayming,9.0,2.0,1.0,0.0
Razer,1.0,0.0,0.0,0.0
Razork,13.0,2.0,0.0,0.0
RealR,5.0,1.0,0.0,0.0
Reaper,6.0,0.0,0.0,0.0
Reaver,1.0,0.0,0.0,0.0
Recap,32.0,7.0,1.0,0.0
RedBert,0.0,0.0,0.0,0.0
Redfernal,0.0,0.0,0.0,0.0
Reedfoo,2.0,0.0,0.0,0.0
Regi,3.0,1.0,0.0,0.0
Rekkles,5.0,1.0,0.0,0.0
Relative,41.0,5.0,1.0,1.0
Relax,0.0,0.0,0.0,0.0
Relaxing,10.0,2.0,0.0,0.0
RenHao,1.0,0.0,0.0,0.0
RenYe,32.0,4.0,0.0,0.0
Rend,0.0,0.0,0.0,0.0
Renewal,0.0,0.0,0.0,0.0
Reptile,43.0,7.0,1.0,0.0
Reshiram1,0.0,0.0,0.0,0.0
Respeta,0.0,0.0,0.0,0.0
Rest,13.0,2.0,0.0,0.0
Revolta,1.0,0.0,0.0,0.0
Rewound,6.0,0.0,0.0,0.0
Rexat,1.0,0.0,0.0,0.0
Rhilech,14.0,1.0,1.0,0.0
Rhino,2.0,0.0,0.0,0.0
Rhuckz,0.0,0.0,0.0,0.0
Rhythm,1.0,0.0,0.0,0.0
Rias1,5.0,2.0,1.0,0.0
Rich,18.0,3.0,0.0,0.0
Richu,1.0,0.0,0.0,0.0
Rigel,12.0,2.0,0.0,0.0
Rilski,0.0,0.0,0.0,0.0
Rin,64.0,8.0,3.0,2.0
Ripper,3.0,1.0,0.0,0.0
Ripple,49.0,8.0,1.0,0.0
Rising,18.0,0.0,0.0,0.0
Rito,0.0,0.0,0.0,0.0
River,16.0,0.0,0.0,0.0
Roamer,8.0,0.0,0.0,0.0
Robenong,3.0,2.0,0.0,0.0
Robertoos,0.0,0.0,0.0,0.0
Robko,0.0,0.0,0.0,0.0
Robo,20.0,0.0,0.0,0.0
Robocop,22.0,4.0,0.0,0.0
Rocklho,11.0,1.0,0.0,0.0
Roi DEMON,4.0,0.0,0.0,0.0
Roison,38.0,11.0,1.0,1.0
Ronaldo,14.0,4.0,0.0,0.0
Roo,0.0,0.0,0.0,0.0
Roobin,2.0,0.0,0.0,0.0
Rookie,0.0,0.0,0.0,0.0
Rooster,32.0,5.0,0.0,0.0
Rosa,6.0,0.0,0.0,0.0
Roshan,0.0,0.0,0.0,0.0
Rosielove,0.0,0.0,0.0,0.0
RouZoe,0.0,0.0,0.0,0.0
Route,22.0,4.0,1.0,0.0
RoyalKanin,29.0,1.0,0.0,0.0
Royeq,12.0,2.0,0.0,0.0
Rozpier,0.0,0.0,0.0,0.0
Ruby,2.0,1.0,0.0,0.0
Ruep,38.0,7.0,2.0,1.0
Ruf,0.0,0.0,0.0,0.0
Ruler,123.0,36.0,8.0,1.0
Rust,26.0,6.0,1.0,0.0
RustySniper,13.0,1.0,0.0,0.0
Rutzou,0.0,0.0,0.0,0.0
Rwei,6.0,2.0,0.0,0.0
Ryan3,5.0,0.0,0.0,0.0
Rybson,24.0,2.0,1.0,0.0
Ryo,4.0,1.0,0.0,0.0
Ryujin,1.0,0.0,0.0,0.0
Ryuk,17.0,3.0,0.0,0.0
SAD Cuzni,0.0,0.0,0.0,0.0
SAD Raizy,1.0,0.0,0.0,0.0
SAJATOR,26.0,3.0,0.0,0.0
SC Alex,3.0,0.0,0.0,0.0
SCARY,2.0,0.0,0.0,0.0
SCBC Bojji1,1.0,0.0,0.0,0.0
SLT,14.0,3.0,0.0,0.0
SM,4.0,2.0,1.0,0.0
SN Strai,0.0,0.0,0.0,0.0
SNSH John P,0.0,0.0,0.0,0.0
SOLBON,35.0,11.0,1.0,0.0
SPOOKY,12.0,2.0,0.0,0.0
SQG ATRanD,2.0,0.0,0.0,0.0
SQG Ls,0.0,0.0,0.0,0.0
SQG Lunatic,4.0,1.0,0.0,0.0
SQG petal,2.0,0.0,0.0,0.0
ST1 Definitly,0.0,0.0,0.0,0.0
ST1 Diogoo,0.0,0.0,0.0,0.0
ST1 Juarezz,0.0,0.0,0.0,0.0
ST1 PeQReK,0.0,0.0,0.0,0.0
ST1 Shimzu,1.0,0.0,0.0,0.0
ST3PZ,2.0,0.0,0.0,0.0
STANIK,36.0,9.0,0.0,0.0
STAR Balukos,0.0,0.0,0.0,0.0
STAR LakatosD,0.0,0.0,0.0,0.0
STAR asphyxia,0.0,0.0,0.0,0.0
STAR kory,1.0,0.0,0.0,0.0
STEPZ,17.0,4.0,0.0,0.0
STank,0.0,0.0,0.0,0.0
SUP Cako,3.0,1.0,0.0,0.0
Saber,0.0,0.0,0.0,0.0
Sacre,8.0,0.0,0.0,0.0
Sacura,0.0,0.0,0.0,0.0
Sadaz,7.0,2.0,1.0,0.0
Saethra,22.0,2.0,0.0,0.0
Sahira,14.0,1.0,0.0,0.0
Sahl,1.0,0.0,0.0,0.0
Saifer,13.0,5.0,0.0,0.0
Saii,26.0,8.0,0.0,0.0
Sailuo,0.0,0.0,0.0,0.0
Saint,15.0,2.0,1.0,0.0
SaintSamson,4.0,0.0,0.0,0.0
Sala,0.0,0.0,0.0,0.0
Salami,36.0,5.0,1.0,0.0
Samikin,9.0,4.0,0.0,0.0
Samkz,8.0,2.0,1.0,1.0
Samver,81.0,13.0,1.0,0.0
SanSan,3.0,0.0,0.0,0.0
Sangrod,5.0,4.0,1.0,0.0
Santa,0.0,0.0,0.0,0.0
Santorin,5.0,1.0,0.0,0.0
Sapphire,2.0,0.0,0.0,0.0
Sassappel,0.0,0.0,0.0,0.0
Satan,8.0,3.0,1.0,0.0
Sav1or,0.0,0.0,0.0,0.0
Savero,18.0,1.0,0.0,0.0
Sawyor,0.0,0.0,0.0,0.0
Sayn,26.0,4.0,1.0,1.0
Scarpy,1.0,0.0,0.0,0.0
Scars,5.0,1.0,0.0,0.0
ScaryJerry,9.0,1.0,0.0,0.0
ScienTrist,0.0,0.0,0.0,0.0
Scorth,36.0,6.0,2.0,0.0
Scout,0.0,0.0,0.0,0.0
Scuffed,2.0,1.0,0.0,0.0
SeMike,4.0,0.0,0.0,0.0
SeTab,0.0,0.0,0.0,0.0
Seal,1.0,0.0,0.0,0.0
Sebekx,15.0,3.0,1.0,0.0
Secrett,39.0,5.0,1.0,0.0
Seebulabu,0.0,0.0,0.0,0.0
Seeker,3.0,0.0,0.0,0.0
Seelame,4.0,1.0,0.0,0.0
Sehun,6.0,1.0,1.0,0.0
Seiya,9.0,2.0,0.0,0.0
Seize,4.0,0.0,0.0,0.0
Sekkou,4.0,0.0,0.0,0.0
Selxiss,2.0,1.0,0.0,0.0
Sencux,28.0,4.0,0.0,0.0
Send0o,17.0,2.0,0.0,0.0
Seneca,0.0,0.0,0.0,0.0
Senmary,9.0,3.0,0.0,0.0
Seonwoo,35.0,9.0,1.0,1.0
Septico1,33.0,5.0,1.0,1.0
Serch,13.0,1.0,0.0,0.0
SergMade,0.0,0.0,0.0,0.0
SergiiO,0.0,0.0,0.0,0.0
Serin,38.0,8.0,3.0,2.0
Sertuss,28.0,5.0,1.0,0.0
Sh0Fty,0.0,0.0,0.0,0.0
Sh1vq,4.0,0.0,0.0,0.0
Sh3ry,8.0,3.0,0.0,0.0
Shack,5.0,1.0,0.0,0.0
Shad0w,0.0,0.0,0.0,0.0
Shadow,7.0,1.0,0.0,0.0
Shakur,10.0,3.0,0.0,0.0
Shanks,24.0,4.0,1.0,0.0
Sharvel,21.0,1.0,0.0,0.0
Shavo,1.0,0.0,0.0,0.0
Shawi,0.0,0.0,0.0,0.0
ShazQ,10.0,0.0,0.0,0.0
Sheiden,6.0,0.0,0.0,0.0
Shelfmade,32.0,7.0,0.0,0.0
Sheo,3.0,0.0,0.0,0.0
ShiauC,3.0,0.0,0.0,0.0
Shift,25.0,3.0,0.0,0.0
Shiganari,42.0,10.0,3.0,1.0
Shiina,13.0,0.0,0.0,0.0
Shiku,0.0,0.0,0.0,0.0
Shimmer,5.0,1.0,1.0,0.0
ShinKalHee,0.0,0.0,0.0,0.0
Shini,2.0,0.0,0.0,0.0
Shizika,3.0,0.0,0.0,0.0
Shizuki,13.0,0.0,0.0,0.0
Shlatan,5.0,0.0,0.0,0.0
Shogo,22.0,3.0,0.0,0.0
Shogun,30.0,4.0,1.0,1.0
Shoiti,0.0,0.0,0.0,0.0
Shookz,8.0,3.0,0.0,0.0
Should,3.0,0.0,0.0,0.0
Shourdy,7.0,1.0,0.0,0.0
ShowMaker,42.0,6.0,0.0,0.0
Shredder,0.0,0.0,0.0,0.0
Shu Hari,3.0,0.0,0.0,0.0
Shunn,70.0,15.0,0.0,0.0
Shy Carry,24.0,5.0,0.0,0.0
Shyro,0.0,0.0,0.0,0.0
Sidav,20.0,1.0,0.0,0.0
Sign,2.0,1.0,0.0,0.0
Sikterr,2.0,0.0,0.0,0.0
Siler,19.0,3.0,0.0,0.0
Silk,1.0,1.0,0.0,0.0
Simpli,28.0,4.0,1.0,0.0
Simpy,0.0,0.0,0.0,0.0
Sined,3.0,0.0,0.0,0.0
Sinmivak,5.0,0.0,0.0,0.0
Sintax,6.0,1.0,0.0,0.0
Sirinox,14.0,1.0,0.0,0.0
SiroN1,4.0,1.0,0.0,0.0
Sirotama,4.0,1.0,0.0,0.0
SiuLoong,3.0,2.0,0.0,0.0
Siwoo,29.0,7.0,2.0,2.0
Six0x,2.0,0.0,0.0,0.0
Six10,44.0,4.0,0.0,0.0
Sjakal,5.0,1.0,0.0,0.0
Skeanz,17.0,2.0,0.0,0.0
Skeeto,10.0,2.0,0.0,0.0
SkewMond,22.0,2.0,0.0,0.0
Skratt,1.0,0.0,0.0,0.0
Skream,25.0,4.0,2.0,0.0
Skude,5.0,1.0,1.0,0.0
SkyK,26.0,9.0,2.0,0.0
SkyMind,1.0,0.0,0.0,0.0
Skyp,9.0,0.0,0.0,0.0
Skyy,27.0,9.0,3.0,1.0
Slayder,9.0,2.0,1.0,0.0
Slayer,85.0,13.0,3.0,1.0
SlayerSupr,0.0,0.0,0.0,0.0
Sleepy,2.0,0.0,0.0,0.0
Sleyer,13.0,3.0,1.0,0.0
Slice,2.0,1.0,0.0,0.0
Slide,7.0,0.0,0.0,0.0
SlowQ,38.0,6.0,0.0,0.0
Slowyng,1.0,1.0,0.0,0.0
Slowz,21.0,2.0,0.0,0.0
Slyv3r,7.0,2.0,0.0,0.0
Sm0oZi,27.0,7.0,0.0,0.0
Smarty,1.0,0.0,0.0,0.0
Smash,72.0,19.0,4.0,2.0
Smiley,24.0,6.0,3.0,1.0
Smurfe,19.0,3.0,0.0,0.0
Sn1lle,14.0,5.0,1.0,0.0
Snake,0.0,0.0,0.0,0.0
Snaker,30.0,5.0,2.0,1.0
SniIIer,1.0,0.0,0.0,0.0
Sniper,9.0,1.0,0.0,0.0
Snow,1.0,0.0,0.0,0.0
Sobakk,0.0,0.0,0.0,0.0
Sobek,1.0,0.0,0.0,0.0
Soboro,41.0,7.0,0.0,0.0
Socrates,1.0,0.0,0.0,0.0
Soft,31.0,4.0,1.0,0.0
Soge,1.0,0.0,0.0,0.0
SoimuMIC,0.0,0.0,0.0,0.0
Sojo,12.0,0.0,0.0,0.0
Sola,4.0,2.0,0.0,0.0
Soldier,45.0,13.0,1.0,0.0
Solid,25.0,7.0,1.0,0.0
Solokill,0.0,0.0,0.0,0.0
Solorio,20.0,4.0,1.0,0.0
Someone,28.0,5.0,1.0,0.0
Sora,1.0,1.0,0.0,0.0
Soraaa,1.0,0.0,0.0,0.0
Soren,0.0,0.0,0.0,0.0
Sorrow,13.0,2.0,0.0,0.0
Sotsy,5.0,3.0,0.0,0.0
Soul,0.0,0.0,0.0,0.0
Souma,0.0,0.0,0.0,0.0
Sounda,5.0,0.0,0.0,0.0
Soweto,3.0,0.0,0.0,0.0
Space,20.0,3.0,1.0,0.0
Sparda,35.0,6.0,2.0,0.0
Sparz,1.0,0.0,0.0,0.0
Spawn,6.0,4.0,0.0,0.0
Speedy,1.0,0.0,0.0,0.0
Speedy1,0.0,0.0,0.0,0.0
Spica,10.0,2.0,0.0,0.0
Spirax,11.0,2.0,0.0,0.0
Sponge,20.0,3.0,0.0,0.0
Spooder,9.0,1.0,0.0,0.0
Sprotte,5.0,0.0,0.0,0.0
Spy,1.0,0.0,0.0,0.0
Spyke,0.0,0.0,0.0,0.0
Sriffow,3.0,0.0,0.0,0.0
Srtty,8.0,0.0,0.0,0.0
Ssaiko,0.0,0.0,0.0,0.0
Staargazing,0.0,0.0,0.0,0.0
Stalken,2.0,0.0,0.0,0.0
StarScreen,15.0,3.0,1.0,0.0
Starhide,0.0,0.0,0.0,0.0
Starlit,29.0,5.0,0.0,0.0
Starry,5.0,2.0,0.0,0.0
Steeelback,0.0,0.0,0.0,0.0
Steellar,0.0,0.0,0.0,0.0
Stefan,18.0,2.0,0.0,0.0
Steller,5.0,0.0,0.0,0.0
Stend,0.0,0.0,0.0,0.0
StineR,6.0,0.0,0.0,0.0
Sting,7.0,2.0,0.0,0.0
StoRm,0.0,0.0,0.0,0.0
Stookbeer,0.0,0.0,0.0,0.0
Stormax,5.0,0.0,0.0,0.0
Straka,8.0,0.0,0.0,0.0
Strava,3.0,0.0,0.0,0.0
Stray,10.0,2.0,0.0,0.0
Strensh,25.0,4.0,1.0,0.0
Striker,0.0,0.0,0.0,0.0
Strode,52.0,13.0,1.0,0.0
Stunt,1.0,1.0,0.0,0.0
Sty1e,10.0,2.0,1.0,0.0
Sudzzi,7.0,0.0,0.0,0.0
Suffer,0.0,0.0,0.0,0.0
Sully,0.0,0.0,0.0,0.0
Summit,16.0,3.0,0.0,0.0
Sun eater,7.0,1.0,0.0,0.0
Sun1,0.0,0.0,0.0,0.0
Sunblast,7.0,1.0,0.0,0.0
Sunfry,2.0,0.0,0.0,0.0
Sunleaf,14.0,2.0,0.0,0.0
Supa,69.0,14.0,1.0,0.0
SuperCleber,11.0,3.0,0.0,0.0
Surdinz,1.0,0.0,0.0,0.0
Sushee,20.0,5.0,1.0,0.0
Sven,0.0,0.0,0.0,0.0
Sw3ry,1.0,0.0,0.0,0.0
Sweeho,6.0,2.0,0.0,0.0
SweetMilk,1.0,0.0,0.0,0.0
SwiT,2.0,1.0,0.0,0.0
Sword,11.0,3.0,0.0,0.0
Sylvie,19.0,0.0,0.0,0.0
Syzyfek,37.0,7.0,0.0,0.0
SzfyLan,0.0,0.0,0.0,0.0
Szygenda,27.0,4.0,0.0,0.0
TA0,0.0,0.0,0.0,0.0
TB Inside,0.0,0.0,0.0,0.0
TENG,0.0,0.0,0.0,0.0
TF Blade,16.0,5.0,0.0,0.0
TF Temper,1.0,0.0,0.0,0.0
THG Alex2,0.0,0.0,0.0,0.0
THG Soren2,0.0,0.0,0.0,0.0
TIMR,4.0,0.0,0.0,0.0
TNS,0.0,0.0,0.0,0.0
TQ,0.0,0.0,0.0,0.0
TSC Azu,0.0,0.0,0.0,0.0
TSC Ninji,0.0,0.0,0.0,0.0
TSC hammerul,0.0,0.0,0.0,0.0
TT,26.0,4.0,0.0,0.0
Taba,4.0,0.0,0.0,0.0
Taco,2.0,1.0,0.0,0.0
Tactical,48.0,12.0,2.0,0.0
Tada,1.0,0.0,0.0,0.0
Taeyoon,0.0,0.0,0.0,0.0
Tahahy,0.0,0.0,0.0,0.0
Taicho,9.0,4.0,1.0,0.0
Tails,0.0,0.0,0.0,0.0
Taiyaki,0.0,0.0,0.0,0.0
TakeSet,39.0,10.0,3.0,1.0
Taki,2.0,0.0,0.0,0.0
TalentLess,20.0,6.0,3.0,0.0
Tamoz,2.0,0.0,0.0,0.0
Tan0,0.0,0.0,0.0,0.0
Tangyuan,0.0,0.0,0.0,0.0
Tao,18.0,3.0,1.0,0.0
Targamas,2.0,0.0,0.0,0.0
Tarzan,11.0,2.0,0.0,0.0
Tasteless,0.0,0.0,0.0,0.0
Tatsu,5.0,0.0,0.0,0.0
Tatu,18.0,3.0,2.0,1.0
Taxvig,1.0,0.0,0.0,0.0
Tayron,5.0,1.0,0.0,0.0
Tayto,2.0,0.0,0.0,0.0
Tazaku,4.0,0.0,0.0,0.0
Tea0r,4.0,0.0,0.0,0.0
TeaZing,0.0,0.0,0.0,0.0
Techoteco,6.0,0.0,0.0,0.0
Teddy,54.0,12.0,4.0,0.0
Telas,3.0,0.0,0.0,0.0
Tele,2.0,1.0,0.0,0.0
Tempester,34.0,2.0,1.0,0.0
TenT,33.0,2.0,1.0,0.0
Tenacity,1.0,0.0,0.0,0.0
Tenshi,1.0,0.0,0.0,0.0
Termo,0.0,0.0,0.0,0.0
Thanatos,19.0,3.0,0.0,0.0
ThayT,4.0,0.0,0.0,0.0
Thayger,34.0,4.0,0.0,0.0
The Mountain,6.0,0.0,0.0,0.0
TheGreatGary,2.0,0.0,0.0,0.0
TheHank,0.0,0.0,0.0,0.0
TheSerius,6.0,1.0,0.0,0.0
TheShy,0.0,0.0,0.0,0.0
Theocacs,10.0,1.0,0.0,0.0
Thien,2.0,0.0,0.0,0.0
Thomas,1.0,0.0,0.0,0.0
Thominhas,0.0,0.0,0.0,0.0
Thor,0.0,0.0,0.0,0.0
Thorfin,2.0,1.0,0.0,0.0
Thoryn,3.0,0.0,0.0,0.0
Thumb,1.0,0.0,0.0,0.0
ThunderPeng,0.0,0.0,0.0,0.0
Tian,0.0,0.0,0.0,0.0
Tianzhen,2.0,1.0,1.0,1.0
Tibor,36.0,4.0,0.0,0.0
Tide,3.0,2.0,0.0,0.0
Tiesel,0.0,0.0,0.0,0.0
Tiger,0.0,0.0,0.0,0.0
Tigrot,0.0,0.0,0.0,0.0
Tima,6.0,1.0,0.0,0.0
Time,24.0,4.0,0.0,0.0
Tiphat,6.0,0.0,0.0,0.0
TitaN,43.0,14.0,3.0,0.0
Tiwaz,0.0,0.0,0.0,0.0
Toasty,19.0,3.0,1.0,0.0
Toayin,0.0,0.0,0.0,0.0
Tobi,3.0,0.0,0.0,0.0
Tochas,0.0,0.0,0.0,0.0
Tockimo,2.0,0.0,0.0,0.0
Today,0.0,0.0,0.0,0.0
Toffe,7.0,1.0,0.0,0.0
TolanD,1.0,0.0,0.0,0.0
Tomio,5.0,1.0,0.0,0.0
Tommy,0.0,0.0,0.0,0.0
Tomo,11.0,2.0,1.0,0.0
Tomrio,13.0,3.0,0.0,0.0
Tomson,0.0,0.0,0.0,0.0
ToongE,60.0,14.0,1.0,0.0
TopLop,0.0,0.0,0.0,0.0
Torak,6.0,0.0,0.0,0.0
Tore,1.0,0.0,0.0,0.0
Tory,9.0,0.0,0.0,0.0
Totoro,0.0,0.0,0.0,0.0
Toumes,20.0,4.0,0.0,0.0
Toxy,1.0,0.0,0.0,0.0
Tozue,0.0,0.0,0.0,0.0
Tracyn,38.0,6.0,0.0,0.0
Trashy,0.0,0.0,0.0,0.0
Treatz,4.0,0.0,0.0,0.0
Trick,0.0,0.0,0.0,0.0
Trigger,48.0,11.0,2.0,0.0
Trigo,32.0,5.0,2.0,0.0
Trila,9.0,0.0,0.0,0.0
Tropy16,15.0,0.0,0.0,0.0
Trymbi,0.0,0.0,0.0,0.0
Tsiperakos,44.0,13.0,2.0,0.0
Tuercas,6.0,0.0,0.0,0.0
Tumay,3.0,1.0,1.0,0.0
Turtle,1.0,0.0,0.0,0.0
Tutsz,21.0,3.0,1.0,0.0
Twendddy,1.0,0.0,0.0,0.0
Twiizt,0.0,0.0,0.0,0.0
Ty,1.0,0.0,0.0,0.0
Typhoon,30.0,3.0,0.0,0.0
Tyr,0.0,0.0,0.0,0.0
Tyrion,4.0,0.0,0.0,0.0
Tyrone,3.0,2.0,0.0,0.0
UNF0RGIVEN,29.0,8.0,1.0,0.0
Ucal,33.0,8.0,2.0,0.0
UmTi,3.0,0.0,0.0,0.0
Unchained,4.0,1.0,1.0,0.0
Undefined,1.0,0.0,0.0,0.0
Unforgiven,1.0,0.0,0.0,0.0
Unicow,4.0,0.0,0.0,0.0
UniqueCORN,21.0,2.0,0.0,0.0
Unkn0wn5,45.0,6.0,0.0,0.0
Upset,61.0,11.0,1.0,0.0
Urban,1.0,0.0,0.0,0.0
Urgaleex,10.0,2.0,1.0,0.0
V1dde,0.0,0.0,0.0,0.0
V1per,13.0,4.0,2.0,0.0
VEL BEEHIV3,1.0,0.0,0.0,0.0
VEL Lambda,2.0,0.0,0.0,0.0
VEL Skinny,0.0,0.0,0.0,0.0
VEL fuki,0.0,0.0,0.0,0.0
VEL tetu,4.0,2.0,2.0,0.0
VER Tayron,2.0,0.0,0.0,0.0
VG Misuop,0.0,0.0,0.0,0.0
VG dd1,1.0,0.0,0.0,0.0
VG thoc,1.0,0.0,0.0,0.0
VK EMPTY2,0.0,0.0,0.0,0.0
VK Eria,0.0,0.0,0.0,0.0
VK Fantasyleaf,1.0,0.0,0.0,0.0
VK Jmicta,8.0,0.0,0.0,0.0
VK Sag1rii,0.0,0.0,0.0,0.0
VK motimotti11,35.0,8.0,1.0,0.0
VK peakey,0.0,0.0,0.0,0.0
VK udon,2.0,0.0,0.0,0.0
VK velbellys,11.0,1.0,0.0,0.0
VLY Ryo,12.0,1.0,0.0,0.0
VLY hachim1,2.0,0.0,0.0,0.0
VLY tetu,3.0,0.0,0.0,0.0
VOPI,0.0,0.0,0.0,0.0
VR Alucard,0.0,0.0,0.0,0.0
VR HighPing,2.0,0.0,0.0,0.0
VR Omen,3.0,1.0,0.0,0.0
VT Magus,0.0,0.0,0.0,0.0
VT Nangning,7.0,2.0,0.0,0.0
VT saru,12.0,4.0,1.0,0.0
VaSKED,0.0,0.0,0.0,0.0
Valehir,0.0,0.0,0.0,0.0
Valenjin,0.0,0.0,0.0,0.0
Vampire,0.0,0.0,0.0,0.0
Van,15.0,0.0,0.0,0.0
Vander,0.0,0.0,0.0,0.0
Vares,10.0,3.0,0.0,0.0
Varin,0.0,0.0,0.0,0.0
Varry,16.0,2.0,0.0,0.0
Vasco,30.0,4.0,0.0,0.0
Vaynedeta,49.0,10.0,3.0,1.0
Vayzer,0.0,0.0,0.0,0.0
VeRu,0.0,0.0,0.0,0.0
Veignorem,0.0,0.0,0.0,0.0
Velja,49.0,13.0,1.0,0.0
Venour,27.0,1.0,0.0,0.0
Verdes,1.0,0.0,0.0,0.0
Vertigo,22.0,2.0,0.0,0.0
Vetheo,24.0,5.0,0.0,0.0
VfB Baumi,1.0,0.0,0.0,0.0
VicLa,24.0,2.0,0.0,0.0
Viciun,2.0,0.0,0.0,0.0
VietThanh,1.0,0.0,0.0,0.0
Vigil,21.0,4.0,0.0,0.0
Vikes,2.0,0.0,0.0,0.0
Vin,16.0,2.0,0.0,0.0
Vincenzo,50.0,6.0,2.0,0.0
Vinicete,1.0,0.0,0.0,0.0
Violet,8.0,2.0,0.0,0.0
Viper,99.0,22.0,3.0,1.0
VirusFx,37.0,10.0,4.0,1.0
Visdom,0.0,0.0,0.0,0.0
Vit,8.0,4.0,1.0,0.0
Vizicsacsi,18.0,4.0,1.0,0.0
Vizzpers,15.0,2.0,0.0,0.0
Vladi,43.0,4.0,0.0,0.0
Vlaren,1.0,0.0,0.0,0.0
Vodin,4.0,1.0,0.0,0.0
Void,3.0,2.0,0.0,0.0
Vojtus,1.0,0.0,0.0,0.0
Vulcan,1.0,0.0,0.0,0.0
Vuxan,1.0,0.0,0.0,0.0
Vyctor,13.0,3.0,1.0,1.0
Vzz,55.0,10.0,1.0,1.0
WAP Pinut,0.0,0.0,0.0,0.0
WAP Trick5ht,0.0,0.0,0.0,0.0
WAP Xia0,0.0,0.0,0.0,0.0
WARANGELUS,12.0,3.0,1.0,0.0
WCD,1.0,0.0,0.0,0.0
WNTR,7.0,2.0,0.0,0.0
WP rcg,2.0,0.0,0.0,0.0
WT whisper,4.0,2.0,0.0,0.0
WachonBB,0.0,0.0,0.0,0.0
Wako,0.0,0.0,0.0,0.0
WalliR,30.0,7.0,0.0,0.0
Wamu,14.0,4.0,0.0,0.0
WarShogun,0.0,0.0,0.0,0.0
Warner,33.0,8.0,1.0,0.0
Warrior,5.0,1.0,1.0,0.0
Washidai,19.0,5.0,1.0,1.0
Wasteland,5.0,2.0,0.0,0.0
Waterbender,4.0,1.0,1.0,1.0
Watket,0.0,0.0,0.0,0.0
Way,4.0,1.0,0.0,0.0
Wayne,55.0,11.0,0.0,0.0
WeeDnek,1.0,0.0,0.0,0.0
Wei,0.0,0.0,0.0,0.0
Weiwei,0.0,0.0,0.0,0.0
Weizhe,19.0,1.0,1.0,0.0
Wenbo,2.0,1.0,0.0,0.0
Wendel,1.0,1.0,0.0,0.0
Wenjian,4.0,0.0,0.0,0.0
Whale,2.0,1.0,0.0,0.0
Whip,23.0,5.0,1.0,0.0
Whistle,21.0,4.0,0.0,0.0
White,10.0,0.0,0.0,0.0
WhiteKnight,15.0,2.0,0.0,0.0
Whynot,0.0,0.0,0.0,0.0
Whyx,1.0,0.0,0.0,0.0
Wicked,26.0,6.0,0.0,0.0
Wiker,2.0,0.0,0.0,0.0
Wildenbruch,6.0,1.0,0.0,0.0
Will,5.0,0.0,0.0,0.0
Willer,47.0,10.0,0.0,0.0
Wilson,9.0,4.0,0.0,0.0
Wind1,19.0,3.0,0.0,0.0
Wingate,2.0,0.0,0.0,0.0
Wink,0.0,0.0,0.0,0.0
Winner,31.0,2.0,0.0,0.0
Winsome,0.0,0.0,0.0,0.0
Wiz,8.0,0.0,0.0,0.0
Wizer,17.0,4.0,0.0,0.0
Woldjo,4.0,0.0,0.0,0.0
Wolfy,0.0,0.0,0.0,0.0
Wolorz,8.0,0.0,0.0,0.0
Woody,1.0,0.0,0.0,0.0
Woolite,61.0,6.0,1.0,0.0
Worst,28.0,1.0,0.0,0.0
Worthless,8.0,1.0,0.0,0.0
Wos,0.0,0.0,0.0,0.0
WouLou,0.0,0.0,0.0,0.0
Wrongo,0.0,0.0,0.0,0.0
Wuanted,1.0,0.0,0.0,0.0
Wuis,0.0,0.0,0.0,0.0
Wunder,5.0,2.0,1.0,0.0
Xagog,28.0,3.0,0.0,0.0
Xavi,0.0,0.0,0.0,0.0
Xavian,1.0,0.0,0.0,0.0
Xay,5.0,2.0,0.0,0.0
Xayoo,6.0,1.0,0.0,0.0
XeRone,17.0,4.0,0.0,0.0
Xeanny,1.0,0.0,0.0,0.0
Xelar,1.0,1.0,0.0,0.0
Xen0gan,3.0,0.0,0.0,0.0
Xeonerr,26.0,1.0,0.0,0.0
XerRay,0.0,0.0,0.0,0.0
Xerxe,17.0,2.0,0.0,0.0
Xiang,0.0,0.0,0.0,0.0
Xiao,2.0,0.0,0.0,0.0
XiaoXiang,1.0,0.0,0.0,0.0
XiaoYang,0.0,0.0,0.0,0.0
Xiaohao,0.0,0.0,0.0,0.0
Xiaohu,0.0,0.0,0.0,0.0
Xiaomi,5.0,1.0,0.0,0.0
Xiaorui,1.0,0.0,0.0,0.0
Xiaoxia,0.0,0.0,0.0,0.0
Xiaoxu,0.0,0.0,0.0,0.0
Xico,9.0,1.0,1.0,0.0
Xicor,33.0,3.0,1.0,0.0
Xin,17.0,2.0,0.0,0.0
Xinshou1,2.0,0.0,0.0,0.0
XnS,28.0,8.0,2.0,0.0
Xun,0.0,0.0,0.0,0.0
YSKM,39.0,8.0,0.0,0.0
YYG MAO,16.0,1.0,0.0,0.0
YYG Magus,0.0,0.0,0.0,0.0
YYG Tory,6.0,0.0,0.0,0.0
YYG hourosummer,10.0,2.0,1.0,0.0
Yaavi,6.0,0.0,0.0,0.0
Yakkey,38.0,10.0,3.0,0.0
YamatoCannon,0.0,0.0,0.0,0.0
Yampi,14.0,1.0,0.0,0.0
Yanxiang,3.0,1.0,0.0,0.0
Yasikof,5.0,0.0,0.0,0.0
Ycx,0.0,0.0,0.0,0.0
YellowMoonkey,1.0,0.0,0.0,0.0
Yen,15.0,5.0,0.0,0.0
Yeon,54.0,14.0,2.0,0.0
Yerikan,0.0,0.0,0.0,0.0
Yike,22.0,5.0,2.0,0.0
Yoangi,11.0,3.0,0.0,0.0
Yohan,7.0,1.0,0.0,0.0
Yoshida,5.0,0.0,0.0,0.0
Young,3.0,0.0,0.0,0.0
YoungJae,51.0,11.0,2.0,0.0
Yuanyue,3.0,0.0,0.0,0.0
Yuhi,35.0,6.0,2.0,1.0
Yukin0,2.0,1.0,0.0,0.0
Yukina,0.0,0.0,0.0,0.0
Yukino,24.0,1.0,0.0,0.0
Yume,0.0,0.0,0.0,0.0
Yupps,9.0,1.0,0.0,0.0
Yur4ik,1.0,0.0,0.0,0.0
Yuri,5.0,1.0,0.0,0.0
Yuros,0.0,0.0,0.0,0.0
Yusah,8.0,3.0,1.0,1.0
Yuta,2.0,1.0,1.0,0.0
Yuu,15.0,2.0,1.0,0.0
Yuuji,6.0,2.0,0.0,0.0
ZOEN,13.0,3.0,0.0,0.0
ZUIAN,1.0,0.0,0.0,0.0
ZZG Rubyy,0.0,0.0,0.0,0.0
ZZG sall,0.0,0.0,0.0,0.0
ZaFiR,1.0,0.0,0.0,0.0
ZaZee,19.0,3.0,0.0,0.0
Zaiiche,2.0,0.0,0.0,0.0
Zamudo,11.0,5.0,1.0,0.0
Zankiller,5.0,2.0,0.0,0.0
Zanzarah,10.0,0.0,0.0,0.0
Zdz,0.0,0.0,0.0,0.0
Ze Luis,1.0,0.0,0.0,0.0
Zeka,60.0,13.0,4.0,2.0
ZekaS,11.0,0.0,0.0,0.0
Zekakos,0.0,0.0,0.0,0.0
Zelt,30.0,5.0,1.0,0.0
Zeniv,12.0,4.0,1.0,1.0
Zenoken,5.0,0.0,0.0,0.0
Zephyr,35.0,4.0,1.0,1.0
Zerberus,3.0,0.0,0.0,0.0
Zerito,2.0,0.0,0.0,0.0
Zero,6.0,2.0,0.0,0.0
Zeron,7.0,1.0,1.0,0.0
Zest,17.0,1.0,0.0,0.0
ZeuSs,3.0,1.0,1.0,0.0
Zeus,55.0,8.0,2.0,0.0
Zev,7.0,1.0,0.0,0.0
Zewih,39.0,3.0,0.0,0.0
Zeycce,0.0,0.0,0.0,0.0
Zeypher,5.0,1.0,1.0,0.0
Zeyzal,0.0,0.0,0.0,0.0
Zezin,1.0,0.0,0.0,0.0
Zhayend,5.0,0.0,0.0,0.0
Zhuo,0.0,0.0,0.0,0.0
ZiYe,2.0,1.0,0.0,0.0
Zicssi,9.0,0.0,0.0,0.0
Zika,0.0,0.0,0.0,0.0
Zinie,51.0,11.0,2.0,0.0
Zkai,22.0,4.0,1.0,0.0
Zoelys,0.0,0.0,0.0,0.0
Zoiren,2.0,0.0,0.0,0.0
Zothve,8.0,2.0,1.0,0.0
Zubac,36.0,2.0,0.0,0.0
Zuhy,6.0,2.0,0.0,0.0
Zven,39.0,8.0,0.0,0.0
Zwyroo,16.0,1.0,1.0,0.0
Zyko,2.0,0.0,0.0,0.0
aadurrr,5.0,0.0,0.0,0.0
adi1,32.0,3.0,0.0,0.0
akostas47,0.0,0.0,0.0,0.0
alishor,4.0,2.0,0.0,0.0
alix,29.0,6.0,0.0,0.0
amatsusune,1.0,0.0,0.0,0.0
april,0.0,0.0,0.0,0.0
ardaffler,26.0,6.0,1.0,0.0
bakisa,16.0,4.0,0.0,0.0
bans,3.0,1.0,1.0,0.0
bat,0.0,0.0,0.0,0.0
behave,6.0,3.0,0.0,0.0
beishang,0.0,0.0,0.0,0.0
belit,5.0,0.0,0.0,0.0
besu,0.0,0.0,0.0,0.0
bicas,1.0,0.0,0.0,0.0
bluerzor,10.0,2.0,0.0,0.0
bobista,28.0,7.0,1.0,1.0
buffi,24.0,3.0,1.0,1.0
burningstar,1.0,0.0,0.0,0.0
c0st0m,10.0,2.0,1.0,0.0
cc,4.0,0.0,0.0,0.0
ceo,15.0,6.0,1.0,0.0
charlotte,5.0,3.0,0.0,0.0
chico,22.0,1.0,0.0,0.0
child,3.0,0.0,0.0,0.0
chilioil,10.0,1.0,0.0,0.0
chips,9.0,0.0,0.0,0.0
choego,41.0,11.0,3.0,0.0
cicil,0.0,0.0,0.0,0.0
cody,14.0,2.0,0.0,0.0
curty,1.0,0.0,0.0,0.0
denizzz,3.0,0.0,0.0,0.0
denyk,0.0,0.0,0.0,0.0
deokdam,51.0,9.0,0.0,0.0
dyNquedo,6.0,3.0,0.0,0.0
eXyu,1.0,0.0,0.0,0.0
eaRyz,8.0,0.0,0.0,0.0
escoX,0.0,0.0,0.0,0.0
eskimas,0.0,0.0,0.0,0.0
ezman,13.0,2.0,0.0,0.0
fNb,15.0,3.0,0.0,0.0
fantomisto,13.0,6.0,2.0,0.0
fengyue,0.0,0.0,0.0,0.0
ffernandes,1.0,0.0,0.0,0.0
fishone,11.0,2.0,1.0,0.0
frajgo,42.0,8.0,0.0,0.0
freaky dao,5.0,1.0,0.0,0.0
frosty,1.0,0.0,0.0,0.0
froy,4.0,1.0,0.0,0.0
godfan,0.0,0.0,0.0,0.0
goose,1.0,0.0,0.0,0.0
gtrik,1.0,0.0,0.0,0.0
haichao,0.0,0.0,0.0,0.0
hammerul,0.0,0.0,0.0,0.0
handm,7.0,0.0,0.0,0.0
helforca,2.0,0.0,0.0,0.0
hidududu,1.0,0.0,0.0,0.0
huhi,0.0,0.0,0.0,0.0
hybradge,6.0,0.0,0.0,0.0
iBo,15.0,3.0,0.0,0.0
iLEVI,0.0,0.0,0.0,0.0
ianshaka,31.0,10.0,0.0,0.0
ilyy,3.0,0.0,0.0,0.0
isaN,3.0,1.0,0.0,0.0
iwanan,24.0,5.0,0.0,0.0
iyy,0.0,0.0,0.0,0.0
jjs156,9.0,1.0,0.0,0.0
jmz,7.0,1.0,1.0,0.0
jokaa,9.0,0.0,0.0,0.0
juny,1.0,0.0,0.0,0.0
justcan,1.0,0.0,0.0,0.0
kPr,10.0,2.0,0.0,0.0
kahura,0.0,0.0,0.0,0.0
kairi,0.0,0.0,0.0,0.0
kamilius,1.0,0.0,0.0,0.0
kanashimi,1.0,0.0,0.0,0.0
kehvo,24.0,7.0,2.0,0.0
kkero,0.0,0.0,0.0,0.0
kkkkkkkkk,29.0,7.0,1.0,0.0
kngo,1.0,0.0,0.0,0.0
koisi,5.0,0.0,0.0,0.0
konseki,1.0,0.0,0.0,0.0
kyeahoo,46.0,12.0,1.0,0.0
lamb,1.0,0.0,0.0,0.0
linn,11.0,4.0,1.0,1.0
lll,0.0,0.0,0.0,0.0
lobellan,2.0,1.0,0.0,0.0
looki,5.0,2.0,1.0,0.0
manuemdo,0.0,0.0,0.0,0.0
many,16.0,5.0,1.0,1.0
marlon,3.0,0.0,0.0,0.0
meight,0.0,0.0,0.0,0.0
miaemi,0.0,0.0,0.0,0.0
micaO,17.0,6.0,2.0,1.0
miflond,5.0,0.0,0.0,0.0
mikasa,1.0,0.0,0.0,0.0
milkyway,0.0,0.0,0.0,0.0
minemaciek,4.0,0.0,0.0,0.0
moe,9.0,1.0,0.0,0.0
monkaS,0.0,0.0,0.0,0.0
naau,27.0,3.0,1.0,0.0
naiyou,0.0,0.0,0.0,0.0
nicolaiy,13.0,4.0,1.0,0.0
nrmn,4.0,2.0,0.0,0.0
nuc,13.0,2.0,0.0,0.0
nvillada,6.0,0.0,0.0,0.0
pan,21.0,2.0,0.0,0.0
pinvvei,0.0,0.0,0.0,0.0
playcool,21.0,2.0,0.0,0.0
ppgod,0.0,0.0,0.0,0.0
pr1me,17.0,1.0,0.0,0.0
ptt,0.0,0.0,0.0,0.0
putaogou,4.0,1.0,0.0,0.0
qiuyu,2.0,0.0,0.0,0.0
qlibali,0.0,0.0,0.0,0.0
raedz,13.0,1.0,0.0,0.0
raining,35.0,13.0,3.0,0.0
rajed,6.0,1.0,0.0,0.0
rakii,38.0,7.0,1.0,0.0
random,3.0,0.0,0.0,0.0
rcg,1.0,0.0,0.0,0.0
reje,11.0,3.0,0.0,0.0
risdrengen,1.0,0.0,0.0,0.0
rovex,0.0,0.0,0.0,0.0
rre,30.0,6.0,1.0,0.0
rym,14.0,4.0,0.0,0.0
sSephix,0.0,0.0,0.0,0.0
sajed,35.0,4.0,0.0,0.0
salgueir0,0.0,0.0,0.0,0.0
sanghyeon,0.0,0.0,0.0,0.0
sarolu,14.0,1.0,1.0,0.0
sasi,0.0,0.0,0.0,0.0
scamber,2.0,0.0,0.0,0.0
scuro,26.0,5.0,0.0,0.0
seaz,0.0,0.0,0.0,0.0
selenex,0.0,0.0,0.0,0.0
shanji,0.0,0.0,0.0,0.0
sheer,0.0,0.0,0.0,0.0
shibi,26.0,4.0,1.0,0.0
shidolovell,0.0,0.0,0.0,0.0
shochi,8.0,2.0,0.0,0.0
sinian,7.0,1.0,0.0,0.0
skakavka,9.0,2.0,0.0,0.0
smifi,1.0,0.0,0.0,0.0
soap,0.0,0.0,0.0,0.0
sorrow,2.0,0.0,0.0,0.0
soul1,14.0,0.0,0.0,0.0
starkyy,9.0,1.0,0.0,0.0
sucuranbul,6.0,1.0,0.0,0.0
svns,14.0,1.0,0.0,0.0
tinowns,12.0,1.0,0.0,0.0
tockers,0.0,0.0,0.0,0.0
tol2,10.0,2.0,0.0,0.0
tomomaso,10.0,1.0,0.0,0.0
tonyroo,0.0,0.0,0.0,0.0
towhat,0.0,0.0,0.0,0.0
twohoyrz,13.0,4.0,1.0,0.0
tyrin,11.0,2.0,0.0,0.0
uZent,4.0,0.0,0.0,0.0
uden,0.0,0.0,0.0,0.0
uroskg,4.0,0.0,0.0,0.0
v1SaG3,2.0,0.0,0.0,0.0
vayu,2.0,1.0,0.0,0.0
vital,18.0,2.0,0.0,0.0
welcom,29.0,3.0,0.0,0.0
whisper,24.0,2.0,0.0,0.0
whiteinn,3.0,0.0,0.0,0.0
wild,4.0,0.0,0.0,0.0
wittman,14.0,4.0,2.0,1.0
xGenesis,4.0,0.0,0.0,0.0
xKenzuke,31.0,7.0,1.0,0.0
xLiang,6.0,1.0,0.0,0.0
xMatty,11.0,2.0,0.0,0.0
xRoyal,2.0,0.0,0.0,0.0
xddyuki,37.0,7.0,3.0,0.0
xiaofang,0.0,0.0,0.0,0.0
xiaohuangren,0.0,0.0,0.0,0.0
xinsheng,0.0,0.0,0.0,0.0
xqw,0.0,0.0,0.0,0.0
xyno,22.0,2.0,0.0,0.0
yanjee,0.0,0.0,0.0,0.0
yeti,14.0,3.0,0.0,0.0
zamulek,55.0,7.0,1.0,0.0
zay,1.0,0.0,0.0,0.0
zeen,4.0,0.0,0.0,0.0
zorenous,0.0,0.0,0.0,0.0
zynts,16.0,3.0,0.0,0.0
zzeta,0.0,0.0,0.0,0.0
Évangelyne,9.0,1.0,1.0,0.0
