teamname,split,teamkills,dragons_total,barons,heralds,towers,totalgold
100 Thieves,Split 1,136,18.0,5.0,4.0,56.0,394612
100 Thieves,Split 2,295,48.0,17.0,9.0,120.0,1223884
100 Thieves,Split 3,74,16.0,2.0,3.0,21.0,381020
3BL Esports,Summer,98,18.0,1.0,3.0,28.0,363222
5M Esports,Winter,30,5.0,1.0,1.0,8.0,110639
A One Man Army,Spring,377,53.0,9.0,15.0,156.0,1397522
A One Man Army,Summer,86,15.0,4.0,3.0,40.0,538724
A One Man Army,Winter,159,29.0,4.0,5.0,59.0,635679
AVE Axolotl,Spring,333,48.0,11.0,15.0,141.0,1275131
AVE Axolotl,Summer,257,32.0,4.0,9.0,73.0,900512
AVE Axolotl,Winter,274,34.0,9.0,6.0,102.0,906786
Actions Per Minute,Spring,365,47.0,8.0,10.0,119.0,1318348
Actions Per Minute,Summer,31,5.0,1.0,0.0,12.0,162511
Actions Per Minute,Winter,271,31.0,7.0,10.0,91.0,1039473
Alpha7 Esports,Split 2,132,15.0,6.0,6.0,54.0,552628
Andromeda Gaming,Summer,198,24.0,5.0,5.0,72.0,673208
Ankora Gaming,Winter,88,9.0,1.0,2.0,21.0,281843
Anubis Gaming,Spring,286,39.0,7.0,5.0,83.0,1125102
Anubis Gaming,Summer,282,42.0,10.0,10.0,114.0,1069015
Anubis Gaming,Winter,512,46.0,12.0,16.0,205.0,1784285
Anyone's Legend,Split 1,438,0.0,19.0,12.0,166.0,1582842
Anyone's Legend,Split 2,1062,0.0,39.0,32.0,411.0,3645324
Anyone's Legend,Split 2 Placements,141,0.0,6.0,4.0,51.0,394525
Anyone's Legend,Split 3,382,0.0,14.0,11.0,133.0,1457540
Apex Mission Impossible,Split 1,207,38.0,6.0,9.0,81.0,1112587
Apex Predator,Summer,117,14.0,4.0,2.0,44.0,316652
Aurora,Spring,256,31.0,5.0,6.0,80.0,986027
Aurora,Summer,91,14.0,0.0,1.0,32.0,545994
Aurora,Winter,49,4.0,1.0,1.0,12.0,206253
Austrian Force willhaben,Finals,73,15.0,4.0,4.0,30.0,288203
Austrian Force willhaben,Spring,383,52.0,16.0,7.0,142.0,1457565
Austrian Force willhaben,Summer,218,33.0,8.0,8.0,73.0,793118
Austrian Force willhaben,Winter,233,33.0,5.0,6.0,94.0,878487
BAAM Esports,Spring,238,35.0,10.0,5.0,80.0,946758
BAAM Esports,Summer,747,84.0,19.0,17.0,233.0,2305917
BAAM Esports,Winter,423,50.0,14.0,17.0,153.0,1359423
BBL Dark Passage,Spring,337,57.0,13.0,15.0,125.0,1358734
BBL Dark Passage,Summer,191,23.0,13.0,1.0,60.0,701549
BBL Dark Passage,Winter,178,28.0,4.0,5.0,55.0,829504
BERZLOY,Winter,94,12.0,4.0,0.0,28.0,249752
BK ROG Esports,Flash In,221,30.0,11.0,7.0,87.0,776107
BK ROG Esports,Spring,763,132.0,42.0,32.0,361.0,3217912
BK ROG Esports,Summer,234,39.0,9.0,7.0,104.0,1059513
BNK FEARX,Cup,145,19.0,4.0,6.0,56.0,678208
BNK FEARX,Rounds 1-2,612,103.0,19.0,20.0,240.0,2586743
BNK FEARX,Rounds 3-5,315,48.0,10.0,5.0,125.0,1161743
BNK FEARX Academy,Champ 1,937,80.0,22.0,29.0,281.0,2767613
BNK FEARX Youth,Kickoff,533,75.0,16.0,17.0,186.0,1887387
BNK FEARX Youth,Rounds 1-2,731,94.0,24.0,27.0,267.0,2581661
BNK FEARX Youth,Rounds 3-5,326,49.0,13.0,11.0,118.0,1307350
BRUTE,Spring,309,39.0,9.0,7.0,90.0,1064404
BRUTE,Summer,100,9.0,2.0,0.0,14.0,570502
BWE Esports,Winter,48,7.0,1.0,2.0,26.0,187170
Back2TheGame,Spring,372,61.0,13.0,11.0,126.0,1319187
Back2TheGame,Summer,168,21.0,5.0,8.0,73.0,622008
Back2TheGame,Winter,521,88.0,18.0,12.0,189.0,1745687
Bamboo Juice,Ignite,98,14.0,2.0,2.0,26.0,309013
Barcząca Esports,Summer,89,17.0,4.0,1.0,33.0,366418
Barça eSports,Spring,912,128.0,36.0,26.0,353.0,3141505
Barça eSports,Summer,163,24.0,6.0,4.0,65.0,754698
Barça eSports,Winter,575,86.0,14.0,19.0,219.0,2054461
BeFive,Spring,236,23.0,5.0,6.0,77.0,845760
BeFive,Summer,326,29.0,8.0,6.0,88.0,957291
BeFive,Winter,222,24.0,7.0,5.0,88.0,743588
Berimbados,Winter,19,2.0,0.0,0.0,1.0,74176
Berlin International Gaming,Finals,92,9.0,3.0,3.0,32.0,231065
Berlin International Gaming,Spring,716,91.0,17.0,28.0,262.0,2298357
Berlin International Gaming,Summer,264,35.0,9.0,9.0,109.0,751559
Berlin International Gaming,Winter,372,48.0,17.0,20.0,182.0,1295249
Beşiktaş Esports,Spring,220,32.0,7.0,9.0,87.0,1020976
Beşiktaş Esports,Summer,142,26.0,6.0,6.0,66.0,630268
Beşiktaş Esports,Winter,257,35.0,7.0,8.0,88.0,1012573
Bilibili Gaming,Split 1,381,0.0,15.0,6.0,161.0,1359448
Bilibili Gaming,Split 2,1135,0.0,38.0,40.0,452.0,3894394
Bilibili Gaming,Split 2 Placements,101,0.0,6.0,2.0,53.0,387431
Bilibili Gaming,Split 3,491,0.0,18.0,12.0,189.0,1640763
Black Dog,Forge,66,8.0,0.0,3.0,25.0,248744
Blue Otter,Split 1,351,55.0,12.0,12.0,122.0,1366656
Blue Otter,Split 2,148,24.0,4.0,4.0,42.0,642502
BoostGate Esports,Spring,780,115.0,24.0,22.0,272.0,2421356
BoostGate Esports,Summer,103,17.0,2.0,4.0,31.0,539394
BoostGate Esports,Winter,391,53.0,19.0,15.0,154.0,1282344
BraVeLY,Forge,78,8.0,2.0,3.0,24.0,265638
BraVeLY,Storm,105,16.0,1.0,4.0,21.0,479972
Bulldog Esports,Spring,200,31.0,2.0,7.0,71.0,762193
Bulldog Esports,Summer,180,14.0,5.0,6.0,44.0,591742
Bulldog Esports,Winter,450,49.0,13.0,11.0,142.0,1438352
Burning Core Toyama,Forge,177,19.0,5.0,4.0,61.0,508060
Burning Core Toyama,Ignite,250,27.0,4.0,9.0,74.0,674346
Burning Core Toyama,Storm,281,29.0,5.0,9.0,91.0,754805
Bushido Wildcats,Spring,269,37.0,9.0,9.0,92.0,1103215
Bushido Wildcats,Summer,191,28.0,8.0,5.0,84.0,643112
Bushido Wildcats,Winter,225,36.0,9.0,5.0,97.0,1030932
CCG Esports,Split 1,405,70.0,19.0,13.0,167.0,1707807
CCG Esports,Split 2,135,20.0,2.0,4.0,46.0,520478
CGN Esports,Spring,590,83.0,20.0,12.0,228.0,1842325
CGN Esports,Summer,97,13.0,5.0,1.0,40.0,381892
CITA Kaizen,Summer,339,42.0,13.0,7.0,115.0,929685
CORE 128,Split 2,142,30.0,3.0,4.0,46.0,658182
CTBC Flying Oyster,Split 1,421,69.0,13.0,11.0,208.0,1645354
CTBC Flying Oyster,Split 2,464,82.0,21.0,18.0,240.0,1782055
CTBC Flying Oyster,Split 3,162,32.0,6.0,7.0,74.0,619057
CTBC Flying Oyster Academy,Split 1,252,26.0,6.0,10.0,96.0,921053
CTBC Flying Oyster Academy,Split 2,545,62.0,10.0,20.0,172.0,1835253
CTBC Flying Oyster Academy,Split 3,54,12.0,2.0,2.0,28.0,250577
Caldya Esport,Summer,147,21.0,10.0,7.0,67.0,537523
Chiefs Esports Club,Split 1,124,18.0,5.0,6.0,47.0,767591
Chiefs Esports Club,Split 2,181,18.0,5.0,4.0,60.0,950928
Chiefs Esports Club,Split 3,89,17.0,3.0,3.0,37.0,470115
Citadel Gaming,Split 2,167,21.0,8.0,2.0,63.0,674235
Clocks,Forge,68,12.0,1.0,3.0,33.0,276114
Clocks,Ignite,86,14.0,2.0,4.0,33.0,334965
Clocks,Storm,96,16.0,3.0,3.0,37.0,474650
Cloud9,Split 1,84,18.0,4.0,2.0,43.0,362994
Cloud9,Split 2,534,83.0,27.0,18.0,226.0,2051017
Cloud9,Split 3,128,20.0,7.0,3.0,55.0,390939
Colossal Gaming,Spring,444,62.0,18.0,15.0,177.0,1513461
Colossal Gaming,Summer,194,27.0,3.0,6.0,75.0,460905
Connect Arena Esports,Spring,97,8.0,0.0,2.0,12.0,433395
Connect Arena Esports,Summer,79,2.0,0.0,3.0,8.0,261626
Conviction,Split 1,551,90.0,24.0,17.0,229.0,2204512
Conviction,Split 2,207,32.0,10.0,5.0,90.0,640942
Corinthians Esports,Split 1,327,74.0,15.0,12.0,154.0,1677671
Corinthians Esports,Split 2,129,18.0,6.0,5.0,69.0,574494
Crusaders,Summer,24,4.0,1.0,2.0,11.0,102741
Crusaders,Winter,101,12.0,3.0,5.0,30.0,304887
Crvena zvezda Esports,Spring,490,69.0,14.0,19.0,200.0,1551109
Crvena zvezda Esports,Summer,408,54.0,11.0,12.0,146.0,1160401
Crvena zvezda Esports,Winter,455,49.0,11.0,14.0,163.0,1321835
DCT eSports,Split 2,182,25.0,4.0,8.0,66.0,635216
DMG Esports,Spring,213,29.0,8.0,11.0,79.0,851419
DMG Esports,Summer,252,29.0,5.0,4.0,84.0,805781
DMG Esports,Winter,107,20.0,2.0,2.0,30.0,498344
DN Freecs,Cup,161,23.0,4.0,6.0,60.0,852021
DN Freecs,Rounds 1-2,423,65.0,15.0,22.0,154.0,2442083
DN Freecs,Rounds 3-5,244,39.0,6.0,9.0,94.0,1185965
DN Freecs Academy,Champ 1,1154,168.0,30.0,30.0,401.0,3804663
DN Freecs Challengers,Kickoff,344,35.0,10.0,10.0,133.0,1121192
DN Freecs Challengers,Rounds 1-2,687,98.0,22.0,26.0,297.0,2904724
DN Freecs Challengers,Rounds 3-5,284,38.0,8.0,10.0,111.0,1129256
DOCISK,Spring,274,38.0,5.0,6.0,69.0,876548
DOCISK,Summer,206,25.0,5.0,3.0,52.0,648129
DRX,Cup,263,34.0,10.0,10.0,101.0,1193746
DRX,Rounds 1-2,513,87.0,15.0,20.0,181.0,2457253
DRX,Rounds 3-5,331,51.0,20.0,15.0,126.0,1433718
DRX Academy,Champ 1,593,42.0,7.0,10.0,105.0,2423825
DRX Challengers,Kickoff,435,65.0,17.0,14.0,177.0,1678780
DRX Challengers,Rounds 1-2,708,100.0,28.0,24.0,313.0,2575793
DRX Challengers,Rounds 3-5,278,38.0,10.0,6.0,81.0,1200849
DarkZero Dragonsteel,Split 1,599,82.0,18.0,15.0,241.0,2175245
DarkZero Dragonsteel,Split 2,198,24.0,5.0,6.0,79.0,661219
Deep Cross Gaming,Split 1,501,62.0,12.0,16.0,194.0,1291689
Deep Cross Gaming,Split 2,1100,116.0,17.0,23.0,328.0,2674942
Deep Cross Gaming,Split 3,156,19.0,5.0,5.0,55.0,387054
Delta Syndicate,Spring,418,59.0,11.0,9.0,124.0,1179556
Delta Syndicate,Summer,337,45.0,9.0,12.0,97.0,1115297
Deltan Gaming,Ignite,115,13.0,4.0,0.0,27.0,337008
Deltan Gaming,Storm,147,17.0,5.0,1.0,47.0,506711
DetonatioN FocusMe,Split 1,219,27.0,6.0,5.0,65.0,919237
DetonatioN FocusMe,Split 2,155,30.0,3.0,6.0,52.0,863029
DetonatioN FocusMe,Split 3,103,18.0,2.0,3.0,36.0,440754
DetonatioN FocusMe Academy,Forge,98,7.0,2.0,5.0,37.0,348897
DetonatioN FocusMe Academy,Ignite,229,25.0,2.0,7.0,61.0,613091
DetonatioN FocusMe Academy,Storm,296,21.0,6.0,5.0,87.0,735845
Dignitas,Split 1,85,11.0,1.0,2.0,28.0,399552
Dignitas,Split 2,219,40.0,9.0,10.0,95.0,1301249
Dignitas,Split 3,77,16.0,2.0,4.0,28.0,406275
Disguised,Split 1,49,9.0,1.0,3.0,21.0,263579
Disguised,Split 2,112,22.0,4.0,5.0,47.0,820758
Disguised,Split 3,84,17.0,2.0,2.0,39.0,481696
Diver (Portuguese Team),Summer,47,7.0,3.0,0.0,17.0,148587
Divernex,Spring,294,30.0,7.0,6.0,88.0,977300
Diversion Gaming,Spring,615,75.0,23.0,14.0,209.0,1738816
Diversion Gaming,Summer,239,29.0,6.0,6.0,85.0,770132
Dopamina E-Sport,Split 1,263,36.0,13.0,13.0,104.0,1172569
Dorado Gaming,Split 2,189,23.0,5.0,6.0,58.0,641840
Dplus KIA,Cup,377,57.0,9.0,14.0,144.0,1450958
Dplus KIA,Rounds 1-2,740,120.0,27.0,30.0,291.0,3123359
Dplus KIA,Rounds 3-5,259,44.0,11.0,8.0,116.0,1089725
Dplus KIA Challengers,Kickoff,143,20.0,5.0,3.0,29.0,679918
Dplus KIA Challengers,Rounds 1-2,544,95.0,17.0,20.0,144.0,2532437
Dplus KIA Challengers,Rounds 3-5,309,47.0,11.0,8.0,101.0,1117713
Dplus KIA Youth,Champ 1,1147,144.0,25.0,28.0,358.0,3540250
Dragons Esports,Summer,716,95.0,25.0,20.0,255.0,2355962
Dream Makers,Split 2,219,30.0,8.0,7.0,90.0,939951
Dream in 24,Ignite,113,12.0,2.0,1.0,33.0,345290
Dream in 24,Storm,232,29.0,4.0,6.0,72.0,676254
Dung Dynasty,Spring,174,32.0,8.0,7.0,79.0,665748
Dung Dynasty,Winter,228,35.0,9.0,7.0,88.0,858576
Dynamo Eclot,Spring,305,44.0,13.0,17.0,125.0,1395245
Dynamo Eclot Talents,Spring,344,49.0,10.0,7.0,104.0,1272082
E WIE EINFACH E-SPORTS,Finals,59,13.0,2.0,1.0,22.0,308387
E WIE EINFACH E-SPORTS,Spring,384,50.0,14.0,14.0,146.0,1572602
E WIE EINFACH E-SPORTS,Summer,169,25.0,6.0,3.0,66.0,764945
E WIE EINFACH E-SPORTS,Winter,436,71.0,13.0,13.0,185.0,1757672
EDward Gaming,Split 1,122,0.0,6.0,5.0,56.0,596864
EDward Gaming,Split 2,239,0.0,6.0,12.0,104.0,1064186
EDward Gaming,Split 2 Placements,76,0.0,2.0,4.0,28.0,422787
EDward Gaming,Split 3,278,0.0,11.0,5.0,122.0,1008297
EKO Esports,Spring,290,32.0,10.0,7.0,105.0,965913
EKO Esports,Summer,156,15.0,5.0,1.0,40.0,629443
EKO Esports,Winter,105,21.0,3.0,4.0,28.0,480036
EXILE esports,Spring,188,22.0,5.0,8.0,57.0,820987
EXILE esports,Summer,230,27.0,6.0,8.0,67.0,878073
Eintracht Frankfurt,Spring,290,46.0,14.0,7.0,101.0,1241387
Eintracht Frankfurt,Summer,254,38.0,14.0,8.0,104.0,914406
Eintracht Frankfurt,Winter,202,31.0,11.0,4.0,88.0,902623
Eintracht Spandau,Spring,330,38.0,12.0,4.0,121.0,1286557
Eintracht Spandau,Summer,83,11.0,2.0,3.0,25.0,456529
Eintracht Spandau,Winter,185,21.0,7.0,7.0,63.0,633992
Entropiq,Spring,532,80.0,22.0,8.0,231.0,1929050
Entropiq,Summer,280,37.0,10.0,7.0,116.0,975518
Esprit Shōnen,Spring,409,55.0,16.0,14.0,181.0,1367235
Esprit Shōnen,Summer,117,18.0,3.0,5.0,44.0,438043
Esprit Shōnen,Winter,468,70.0,22.0,17.0,201.0,1542630
Estral Esports,Split 2,153,22.0,5.0,5.0,69.0,434791
Eternal Fire,Spring,161,24.0,4.0,3.0,53.0,821842
Eternal Fire,Winter,469,64.0,24.0,14.0,173.0,1477453
Ethereal Enigmas,Spring,515,63.0,13.0,17.0,157.0,1699325
Ethereal Enigmas,Summer,240,30.0,6.0,6.0,64.0,764205
Evolve eSports,Summer,21,2.0,0.0,0.0,3.0,101591
FN Esports,Summer,369,48.0,13.0,10.0,127.0,1132765
FURIA,Split 1,96,20.0,5.0,6.0,51.0,457799
FURIA,Split 2,522,75.0,21.0,17.0,228.0,2027268
FURIA,Split 3,107,16.0,6.0,6.0,53.0,469168
FUSION (Latin American Team),Split 2,186,18.0,6.0,5.0,68.0,552050
Falke Esports,Split 2,295,41.0,11.0,8.0,115.0,975070
Falke Esports,Split 3,272,36.0,10.0,10.0,108.0,844977
Fantastic Esports,Winter,111,16.0,3.0,3.0,38.0,340821
Farenvehn,Split 1,534,69.0,19.0,21.0,239.0,1920035
Farenvehn,Split 2,196,34.0,9.0,9.0,84.0,692500
FlameHard,Spring,507,53.0,10.0,13.0,178.0,1288575
FlameHard,Summer,30,6.0,1.0,2.0,17.0,122483
FlameHard,Winter,334,39.0,11.0,13.0,133.0,936774
Flamengo MDL,Split 1,277,47.0,10.0,6.0,105.0,1226507
Flamengo MDL,Split 2,172,30.0,5.0,5.0,56.0,587530
Fluxo W7M,Split 1,34,2.0,0.0,0.0,7.0,206454
Fluxo W7M,Split 2,168,32.0,5.0,3.0,53.0,910618
Fluxo W7M,Split 3,58,16.0,1.0,5.0,28.0,366251
FlyQuest,Split 1,123,16.0,7.0,5.0,58.0,503638
FlyQuest,Split 2,481,86.0,21.0,16.0,230.0,1846208
FlyQuest,Split 3,116,20.0,7.0,5.0,58.0,396099
Fnatic,Spring,509,75.0,21.0,17.0,224.0,1989515
Fnatic,Summer,98,19.0,5.0,6.0,56.0,421849
Fnatic,Winter,416,68.0,20.0,14.0,180.0,1577027
Fog Esports,Spring,638,82.0,18.0,19.0,220.0,2209392
Fog Esports,Winter,339,43.0,9.0,11.0,104.0,1134560
For The Win Esports,Spring,431,50.0,13.0,9.0,127.0,1220389
For The Win Esports,Winter,83,7.0,1.0,1.0,33.0,283238
Forsaken,Spring,454,59.0,13.0,13.0,165.0,1609025
Forsaken,Summer,220,29.0,6.0,9.0,88.0,656384
Forsaken,Winter,383,59.0,20.0,11.0,151.0,1452208
Fox Gaming,Spring,440,60.0,21.0,14.0,158.0,1634122
Fox Gaming,Summer,214,29.0,9.0,6.0,73.0,845139
Fox Gaming,Winter,220,28.0,6.0,5.0,82.0,853567
Fractious eSports,Split 2,147,27.0,7.0,5.0,57.0,679081
Frank Esports,Split 1,454,51.0,13.0,14.0,178.0,1577148
Frank Esports,Split 2,820,87.0,18.0,21.0,302.0,2382553
Frank Esports,Split 3,99,13.0,5.0,3.0,45.0,321261
Fuego,Split 1,659,87.0,27.0,19.0,229.0,2144614
Fuego,Split 2,142,18.0,6.0,5.0,55.0,516146
Fukuoka SoftBank HAWKS gaming,Split 1,239,27.0,8.0,11.0,68.0,934110
Fukuoka SoftBank HAWKS gaming,Split 2,187,24.0,7.0,10.0,81.0,1020500
Fukuoka SoftBank HAWKS gaming,Split 3,121,15.0,4.0,3.0,44.0,543565
FunPlus Phoenix,Split 1,97,0.0,2.0,6.0,41.0,553975
FunPlus Phoenix,Split 2,899,0.0,26.0,29.0,314.0,3528488
FunPlus Phoenix,Split 2 Placements,151,0.0,4.0,6.0,58.0,559736
FunPlus Phoenix,Split 3,214,0.0,4.0,11.0,66.0,1157639
G2 Esports,Spring,468,88.0,28.0,18.0,238.0,2148939
G2 Esports,Summer,37,5.0,2.0,2.0,20.0,119871
G2 Esports,Winter,296,50.0,11.0,10.0,142.0,1198350
G2 Hel,Split 2,158,12.0,4.0,4.0,53.0,428809
G2 Hel,Split 3,183,30.0,8.0,3.0,78.0,723372
GAM Esports,Split 1,294,54.0,10.0,11.0,134.0,1341264
GAM Esports,Split 2,473,82.0,22.0,20.0,232.0,2267211
GAM Esports,Split 3,145,22.0,4.0,7.0,61.0,544386
GIANTX Pride,Spring,496,66.0,26.0,16.0,223.0,1846978
GIANTX Pride,Summer,304,40.0,9.0,10.0,127.0,920938
GIANTX Pride,Winter,297,43.0,15.0,14.0,147.0,1204774
GLORE,Spring,253,28.0,5.0,5.0,81.0,934952
GLORE,Summer,238,31.0,3.0,4.0,66.0,855303
GMBLERS Esports,Spring,356,51.0,8.0,9.0,113.0,1167728
GMBLERS Esports,Summer,185,29.0,8.0,7.0,81.0,620305
GMBLERS Esports,Winter,253,38.0,8.0,7.0,107.0,1011591
GOAL,Spring,312,33.0,7.0,7.0,98.0,971193
GOAL,Summer,168,18.0,3.0,5.0,52.0,475811
GTZ Esports,Spring,172,26.0,4.0,4.0,64.0,622293
GTZ Esports,Summer,34,7.0,1.0,0.0,8.0,115461
GTZ Esports,Winter,210,32.0,9.0,5.0,81.0,798608
Galions,Flash In,265,32.0,10.0,9.0,107.0,984993
Galions,Spring,353,51.0,13.0,16.0,142.0,1398242
Galions,Summer,300,47.0,16.0,9.0,135.0,1011111
GameWard,Flash In,67,13.0,2.0,4.0,24.0,394309
GameWard,Spring,155,31.0,5.0,5.0,63.0,778654
GameWard,Summer,176,38.0,8.0,12.0,59.0,1032876
Gamespace Mediterranean College Esports,Spring,606,74.0,22.0,14.0,224.0,1901404
Gamespace Mediterranean College Esports,Summer,158,20.0,4.0,3.0,59.0,544434
Gamespace Mediterranean College Esports,Winter,424,58.0,14.0,16.0,156.0,1319568
Gaming Barcelona,Split 3,174,27.0,6.0,4.0,53.0,778482
Geekay Esports,Spring,610,74.0,21.0,23.0,267.0,1834503
Geekay Esports,Summer,305,35.0,8.0,9.0,108.0,780053
Geekay Esports,Winter,648,71.0,20.0,20.0,280.0,1972316
Gen.G,Cup,423,73.0,15.0,17.0,187.0,1754605
Gen.G,Rounds 1-2,814,126.0,34.0,29.0,372.0,2898306
Gen.G,Rounds 3-5,294,40.0,9.0,8.0,121.0,976019
Gen.G Global Academy,Kickoff,250,41.0,3.0,11.0,98.0,1177751
Gen.G Global Academy,Rounds 1-2,647,94.0,25.0,24.0,270.0,2614481
Gen.G Global Academy,Rounds 3-5,304,46.0,8.0,11.0,99.0,1250950
Gen.G Scholars,Champ 1,1268,103.0,29.0,44.0,475.0,3770105
GenZ Gaming,Summer,114,8.0,1.0,2.0,23.0,400468
GenZ Gaming (2025 Vietnamese Team),Summer,132,17.0,4.0,3.0,47.0,417940
Gentle Mates,Flash In,126,38.0,8.0,5.0,75.0,710313
Gentle Mates,Spring,483,102.0,22.0,17.0,257.0,2491262
Gentle Mates,Summer,253,46.0,11.0,9.0,106.0,1173665
GiantX,Spring,323,53.0,18.0,14.0,144.0,1519778
GiantX,Summer,108,20.0,6.0,4.0,46.0,465737
GiantX,Winter,212,33.0,11.0,5.0,92.0,1014215
GnG Amazigh,Spring,633,86.0,21.0,22.0,238.0,2189114
GnG Amazigh,Summer,196,21.0,5.0,5.0,68.0,595624
GnG Amazigh,Winter,369,55.0,16.0,15.0,143.0,1495540
Golden Lions,Split 2,341,42.0,12.0,9.0,98.0,1081844
Green Dolphin Gaming,Split 2,229,36.0,10.0,4.0,93.0,791839
Green Dolphin Gaming,Split 3,83,12.0,2.0,3.0,30.0,461074
Ground Zero Gaming,Split 1,249,23.0,8.0,7.0,54.0,760914
Ground Zero Gaming,Split 2,502,51.0,12.0,7.0,121.0,1695048
Ground Zero Gaming,Split 3,171,18.0,3.0,6.0,34.0,521124
Grow uP eSports,Summer,28,2.0,1.0,0.0,11.0,60139
Grow uP eSports,Winter,51,3.0,1.0,1.0,10.0,139531
Guasones,Spring,80,13.0,1.0,2.0,23.0,431752
Guasones,Summer,59,11.0,3.0,0.0,24.0,470179
Guasones,Winter,88,17.0,1.0,2.0,21.0,430304
Guinea Pink,Split 2,234,31.0,7.0,8.0,92.0,804686
Guinea Pink,Split 3,177,20.0,7.0,8.0,57.0,665163
HELL PIGS,Split 1,351,36.0,5.0,3.0,95.0,1056670
HELL PIGS,Split 2,516,40.0,6.0,9.0,99.0,1602790
HELL PIGS,Split 3,16,1.0,0.0,1.0,6.0,94318
HST,Summer,59,8.0,1.0,2.0,14.0,222557
HUTECH CHICKEN,Summer,98,11.0,0.0,5.0,24.0,289131
Hands,Forge,3,0.0,0.0,0.0,1.0,38208
Hanoi Rookies Esports,Spring,217,17.0,3.0,5.0,63.0,661322
Hanwha Life Esports,Cup,510,76.0,21.0,17.0,228.0,1998726
Hanwha Life Esports,Rounds 1-2,812,131.0,26.0,24.0,314.0,3050407
Hanwha Life Esports,Rounds 3-5,246,36.0,13.0,6.0,93.0,901482
Hanwha Life Esports Academy,Champ 1,1654,133.0,47.0,42.0,492.0,4527930
Hanwha Life Esports Challengers,Kickoff,184,23.0,6.0,7.0,51.0,829501
Hanwha Life Esports Challengers,Rounds 1-2,727,103.0,25.0,26.0,242.0,2751778
Hanwha Life Esports Challengers,Rounds 3-5,377,57.0,12.0,13.0,144.0,1358537
Howl Esports,Summer,35,3.0,1.0,1.0,9.0,143694
Howl Esports,Winter,73,5.0,2.0,3.0,29.0,225464
Hungkuang Falcon (弘光獵鷹),Split 1,172,8.0,0.0,1.0,27.0,640955
Hurricane of Feathers,Spring,151,19.0,3.0,7.0,42.0,524810
Hurricane of Feathers,Summer,23,1.0,0.0,1.0,5.0,106160
Hurricane of Feathers,Winter,14,1.0,0.0,0.0,4.0,97555
Hyper Vortex Esports,Spring,275,37.0,11.0,6.0,115.0,916069
Ici Japon Corp. Esport,Flash In,297,36.0,10.0,10.0,112.0,1229474
Ici Japon Corp. Esport,Spring,281,47.0,10.0,7.0,116.0,1192648
Ici Japon Corp. Esport,Summer,193,36.0,9.0,7.0,83.0,874548
Ici Japon Corp. Esport,Winter,267,38.0,13.0,9.0,119.0,977213
Icon Esports,Split 1,205,33.0,8.0,7.0,65.0,754781
Icon Esports (Mexican Team),Split 1,41,5.0,2.0,0.0,16.0,171077
Invictus Gaming,Split 1,243,0.0,8.0,10.0,91.0,917386
Invictus Gaming,Split 2,1096,0.0,48.0,28.0,425.0,4321143
Invictus Gaming,Split 2 Placements,127,0.0,6.0,4.0,61.0,394551
Invictus Gaming,Split 3,333,0.0,13.0,11.0,111.0,1117964
Isurus,Split 3,89,14.0,3.0,4.0,40.0,419092
Isurus Estral,Split 1,100,17.0,6.0,4.0,56.0,445990
Isurus Estral,Split 2,385,63.0,7.0,18.0,168.0,1639088
IziDream,Spring,195,26.0,7.0,7.0,67.0,788973
IziDream,Summer,170,31.0,11.0,6.0,77.0,556894
IziDream,Winter,431,48.0,14.0,12.0,153.0,1436399
JD Gaming,Split 1,358,0.0,13.0,16.0,183.0,1605790
JD Gaming,Split 2,833,0.0,30.0,31.0,352.0,3195057
JD Gaming,Split 2 Placements,89,0.0,2.0,4.0,42.0,343832
JD Gaming,Split 3,294,0.0,11.0,13.0,114.0,1345245
Joblife,Flash In,97,21.0,4.0,4.0,40.0,583213
Joblife,Spring,203,41.0,8.0,7.0,75.0,900218
Joblife,Summer,287,43.0,12.0,6.0,96.0,1112395
Jörmungang,Spring,255,33.0,7.0,7.0,92.0,990552
Jörmungang,Summer,184,24.0,7.0,5.0,59.0,618786
Jörmungang,Winter,98,12.0,3.0,2.0,44.0,398902
KAOS e-sport,Spring,195,26.0,8.0,6.0,64.0,766858
KAOS e-sport,Summer,122,11.0,0.0,1.0,22.0,430955
KAOS e-sport,Winter,197,18.0,2.0,4.0,54.0,612235
KIA.eSuba Academy,Spring,593,59.0,18.0,20.0,229.0,1742158
KIA.eSuba Academy,Summer,305,31.0,9.0,9.0,114.0,949076
KT Rolster,Cup,188,37.0,8.0,7.0,73.0,907728
KT Rolster,Rounds 1-2,851,159.0,32.0,28.0,326.0,3368194
KT Rolster,Rounds 3-5,225,29.0,5.0,5.0,61.0,924947
KT Rolster Academy,Champ 1,1518,197.0,37.0,43.0,535.0,4398933
KT Rolster Challengers,Kickoff,463,63.0,6.0,15.0,181.0,1275738
KT Rolster Challengers,Rounds 1-2,893,138.0,32.0,24.0,351.0,2950522
KT Rolster Challengers,Rounds 3-5,390,56.0,13.0,11.0,140.0,1254538
KaBuM! Ilha das Lendas,Split 1,464,51.0,15.0,13.0,194.0,1715952
KaBuM! Ilha das Lendas,Split 2,130,20.0,7.0,1.0,59.0,577993
Kareha Children,Forge,91,14.0,3.0,2.0,23.0,368968
Kareha Children,Storm,116,16.0,1.0,4.0,26.0,453974
Karmine Corp,Spring,635,122.0,34.0,24.0,315.0,2630193
Karmine Corp,Summer,127,23.0,6.0,4.0,62.0,490015
Karmine Corp,Winter,383,72.0,13.0,9.0,180.0,1530013
Karmine Corp Blue,Flash In,314,56.0,21.0,8.0,148.0,1210722
Karmine Corp Blue,Spring,671,104.0,29.0,23.0,294.0,2475544
Karmine Corp Blue,Summer,257,43.0,14.0,11.0,127.0,934078
Karmine Corp Blue,Winter,217,41.0,8.0,7.0,93.0,819061
Karmine Corp Blue Stars,Spring,201,27.0,4.0,10.0,73.0,812365
Karmine Corp Blue Stars,Summer,80,12.0,2.0,2.0,32.0,441822
Karmine Corp Blue Stars,Winter,233,23.0,8.0,7.0,71.0,862848
Kaufland Hangry Knights,Finals,48,5.0,1.0,1.0,10.0,209494
Kaufland Hangry Knights,Spring,725,91.0,25.0,27.0,293.0,2511338
Kaufland Hangry Knights,Summer,184,27.0,2.0,5.0,62.0,691613
Kaufland Hangry Knights,Winter,155,26.0,6.0,3.0,55.0,637525
Kawaii Kiwis,Split 2,197,26.0,4.0,9.0,87.0,720837
Kawaii Kiwis,Split 3,290,43.0,10.0,5.0,102.0,883017
Keypulse Esports,Spring,129,9.0,2.0,1.0,30.0,386507
Keypulse Esports,Summer,21,4.0,2.0,0.0,10.0,69997
Keypulse Esports,Winter,93,18.0,3.0,3.0,35.0,302485
Kiedyś Miałem Fun,Winter,531,55.0,17.0,18.0,208.0,1639792
LGD Gaming,Split 1,152,0.0,5.0,5.0,46.0,551205
LGD Gaming,Split 2,273,0.0,12.0,8.0,111.0,1046831
LGD Gaming,Split 2 Placements,116,0.0,2.0,2.0,33.0,511773
LGD Gaming,Split 3,212,0.0,5.0,7.0,85.0,972313
LNG Esports,Split 1,82,0.0,3.0,5.0,29.0,555165
LNG Esports,Split 2,143,0.0,7.0,5.0,76.0,668292
LNG Esports,Split 2 Placements,57,0.0,0.0,2.0,15.0,302982
LNG Esports,Split 3,216,0.0,5.0,10.0,76.0,1016432
LODIS,Spring,233,34.0,12.0,3.0,78.0,1012522
LODIS,Winter,204,39.0,6.0,3.0,65.0,946447
LOUD,Split 1,158,26.0,11.0,4.0,68.0,685500
LOUD,Split 2,306,57.0,13.0,18.0,162.0,1569679
LOUD,Split 3,96,22.0,3.0,4.0,44.0,434303
LUA Gaming,Spring,271,46.0,12.0,10.0,114.0,1159853
LUA Gaming,Summer,202,24.0,7.0,8.0,78.0,730611
LUA Gaming,Winter,182,22.0,5.0,7.0,77.0,705430
LYON,Split 1,45,10.0,1.0,3.0,20.0,279786
LYON,Split 2,234,45.0,9.0,4.0,111.0,1059773
LYON,Split 3,88,13.0,1.0,3.0,32.0,397854
LYON Academy,Split 1,289,33.0,16.0,11.0,102.0,1019772
LYON Academy,Split 2,129,17.0,4.0,6.0,55.0,496358
Lechuga Gaming,Split 2,267,31.0,8.0,9.0,93.0,744152
Lenovo Legion Honvéd,Spring,148,14.0,2.0,3.0,37.0,385719
Lenovo Legion Honvéd,Summer,121,17.0,4.0,2.0,36.0,348007
Lenovo Legion Honvéd,Winter,14,5.0,0.0,1.0,4.0,85141
Leviatan,Split 1,114,13.0,3.0,5.0,42.0,430492
Leviatan,Split 2,157,19.0,7.0,7.0,61.0,878694
Leviatan,Split 3,88,9.0,3.0,2.0,31.0,378288
Leões Porto Salvo Esports,Summer,36,4.0,1.0,2.0,11.0,128132
Leões Porto Salvo Esports,Winter,65,8.0,2.0,2.0,21.0,261215
Lille Esport,Spring,206,31.0,7.0,2.0,72.0,772736
Lille Esport,Summer,141,20.0,5.0,3.0,45.0,462559
Lille Esport,Winter,206,36.0,6.0,3.0,76.0,799296
LittleSans,Split 2,120,15.0,5.0,3.0,43.0,342297
Los Grandes,Split 1,444,77.0,22.0,14.0,191.0,1776171
Los Grandes,Split 2,141,23.0,7.0,5.0,53.0,546386
Los Heretics,Spring,583,85.0,24.0,23.0,253.0,2203650
Los Heretics,Summer,228,39.0,11.0,8.0,107.0,880128
Los Heretics,Winter,503,74.0,21.0,23.0,235.0,1807775
Los Ratones,Spring,822,119.0,30.0,16.0,339.0,2585571
Los Ratones,Summer,172,28.0,4.0,6.0,82.0,590079
Los Ratones,Winter,544,97.0,28.0,16.0,273.0,2074454
Luminosity Gaming,Split 1,526,92.0,23.0,19.0,255.0,1936861
Luminosity Gaming,Split 2,202,41.0,11.0,9.0,87.0,690102
Lundqvist Lightside,Spring,150,23.0,4.0,3.0,51.0,540846
Lundqvist Lightside,Summer,230,32.0,4.0,6.0,79.0,754330
Lundqvist Lightside,Winter,151,22.0,5.0,3.0,56.0,650598
Lupus Esports,Spring,164,15.0,1.0,3.0,45.0,526432
Lupus Esports,Summer,146,12.0,4.0,4.0,36.0,514417
Lupus Esports,Winter,18,3.0,0.0,2.0,4.0,202417
MGN Vikings Academy,Summer,371,50.0,13.0,8.0,118.0,1138741
MGN Vikings Esports,Split 1,471,86.0,19.0,16.0,205.0,1900930
MGN Vikings Esports,Split 2,283,41.0,9.0,9.0,115.0,1188074
MGN Vikings Esports,Split 3,180,32.0,11.0,7.0,86.0,757042
MY STAR,Spring,296,32.0,12.0,10.0,99.0,1035293
MY STAR,Summer,15,1.0,0.0,0.0,5.0,96665
MY STAR,Winter,183,31.0,4.0,6.0,67.0,852036
Macko Esports,Winter,354,38.0,12.0,9.0,162.0,1139870
Magaza Esports,Spring,71,13.0,1.0,3.0,27.0,320788
Magaza Esports,Summer,82,5.0,1.0,1.0,19.0,216623
Magaza Esports,Winter,27,5.0,0.0,1.0,10.0,112702
Malvinas Gaming,Split 1,275,32.0,10.0,7.0,96.0,954028
Malvinas Gaming,Split 2,58,7.0,0.0,2.0,14.0,204926
Maze Gaming,Split 1,500,80.0,17.0,12.0,193.0,1654757
Maze Gaming,Split 2,144,16.0,2.0,3.0,51.0,495490
Meavedron,Spring,761,96.0,18.0,20.0,258.0,2297219
Meavedron,Summer,274,35.0,6.0,5.0,86.0,816321
Melilla Titans,Split 2,20,2.0,0.0,0.0,5.0,103058
Mental Over Tempo,Spring,175,25.0,4.0,3.0,57.0,566496
Mila Gaming,Summer,319,36.0,8.0,6.0,85.0,906941
Misa Esports,Spring,676,64.0,24.0,21.0,246.0,2042106
Misa Esports,Summer,166,24.0,5.0,9.0,64.0,555159
Misa Esports,Winter,449,63.0,12.0,10.0,173.0,1529545
Monta Club,Split 2,317,36.0,14.0,10.0,121.0,1096380
Monta Club,Split 3,198,26.0,7.0,7.0,70.0,859890
Movistar KOI,Spring,571,104.0,24.0,21.0,248.0,2522929
Movistar KOI,Summer,66,14.0,3.0,4.0,40.0,372189
Movistar KOI,Winter,284,47.0,16.0,14.0,142.0,1162636
Movistar KOI Fénix,Spring,182,25.0,5.0,11.0,65.0,796055
Movistar KOI Fénix,Summer,253,30.0,12.0,8.0,107.0,911580
Movistar KOI Fénix,Winter,221,28.0,8.0,5.0,93.0,899687
Myth Esports,Spring,446,58.0,12.0,14.0,140.0,1453819
Myth Esports,Summer,173,25.0,4.0,5.0,62.0,614389
Myth Esports,Winter,155,23.0,2.0,5.0,59.0,549552
NGU eSports,Split 3,85,8.0,1.0,2.0,26.0,191475
NORD Esports,Spring,442,62.0,17.0,16.0,171.0,1543752
NORD Esports,Summer,237,26.0,3.0,8.0,88.0,688054
NORD Esports,Winter,376,44.0,12.0,9.0,135.0,1181298
NORTHS FURY,Summer,26,2.0,0.0,1.0,8.0,92354
NORTHS FURY,Winter,30,6.0,1.0,1.0,7.0,121315
Natus Vincere,Summer,10,0.0,0.0,1.0,3.0,87088
Near Airport,Split 1,614,110.0,26.0,20.0,283.0,2440435
Never Give Up,Finals,22,1.0,0.0,2.0,2.0,135197
Never Give Up,Spring,50,9.0,2.0,0.0,19.0,278837
Never Give Up,Summer,335,44.0,9.0,8.0,110.0,1089570
Nice Try,Spring,158,19.0,4.0,5.0,52.0,498471
Night Cap,Forge,126,17.0,3.0,2.0,37.0,437225
Nightbirds,Spring,637,77.0,19.0,20.0,265.0,1904173
Nightbirds,Summer,306,36.0,13.0,11.0,135.0,1016748
Nightbirds,Winter,47,10.0,1.0,1.0,14.0,263099
Nigma Galaxy,Spring,302,25.0,4.0,2.0,75.0,860923
Nigma Galaxy,Winter,216,20.0,1.0,1.0,19.0,674159
Ninjas in Pyjamas,Split 1,291,0.0,13.0,10.0,128.0,1139176
Ninjas in Pyjamas,Split 2,687,0.0,25.0,21.0,215.0,2915937
Ninjas in Pyjamas,Split 2 Placements,82,0.0,5.0,3.0,33.0,344662
Ninjas in Pyjamas,Split 3,393,0.0,21.0,12.0,155.0,1455073
Nocturne Gale,Split 3,363,41.0,14.0,7.0,128.0,919536
Nongshim Esports Academy,Kickoff,161,19.0,4.0,6.0,49.0,714060
Nongshim Esports Academy,Rounds 1-2,619,103.0,21.0,24.0,252.0,2827827
Nongshim Esports Academy,Rounds 3-5,360,50.0,15.0,13.0,145.0,1246535
Nongshim RedForce,Cup,472,74.0,21.0,17.0,198.0,1879302
Nongshim RedForce,Rounds 1-2,650,75.0,34.0,23.0,294.0,2766219
Nongshim RedForce,Rounds 3-5,152,15.0,4.0,7.0,61.0,876059
Nongshim RedForce Academy,Champ 1,840,94.0,17.0,16.0,213.0,2871876
ODD Esports,Split 1,222,25.0,3.0,2.0,57.0,752401
ODD Esports,Split 2,245,41.0,9.0,5.0,89.0,1049498
OKSavingsBank BRION,Cup,190,23.0,4.0,8.0,73.0,860952
OKSavingsBank BRION,Rounds 1-2,576,93.0,13.0,26.0,211.0,2710609
OKSavingsBank BRION,Rounds 3-5,271,48.0,10.0,11.0,101.0,1104268
OKSavingsBank BRION Challengers,Kickoff,227,30.0,7.0,6.0,82.0,1016368
OKSavingsBank BRION Challengers,Rounds 1-2,580,81.0,26.0,14.0,243.0,2667022
OKSavingsBank BRION Challengers,Rounds 3-5,185,22.0,5.0,4.0,52.0,946121
Odivelas Sports Club,Spring,276,33.0,10.0,10.0,92.0,937831
Odivelas Sports Club,Summer,59,6.0,1.0,2.0,20.0,110557
Odivelas Sports Club,Winter,154,22.0,4.0,5.0,58.0,556013
Oh My God,Split 1,174,0.0,8.0,4.0,64.0,769663
Oh My God,Split 2,144,0.0,5.0,6.0,49.0,733277
Oh My God,Split 2 Placements,54,0.0,2.0,2.0,20.0,328281
Once Upon A Team,Spring,275,39.0,7.0,9.0,99.0,1085687
Once Upon A Team,Summer,163,26.0,6.0,7.0,72.0,631896
Once Upon A Team,Winter,103,17.0,3.0,5.0,39.0,452443
One More Esports,Spring,366,40.0,11.0,8.0,93.0,1162533
One More Esports,Summer,186,19.0,8.0,4.0,50.0,824901
One More Esports,Winter,510,83.0,15.0,13.0,190.0,1754602
Orbit Anonymo Esports,Spring,264,46.0,8.0,8.0,92.0,1018556
Orbit Anonymo Esports,Summer,181,23.0,4.0,7.0,48.0,753872
Orbit Anonymo Esports,Winter,167,30.0,7.0,4.0,55.0,928737
Orzeł Barcząca Esports,Summer,75,8.0,2.0,1.0,18.0,273753
Otter Side,Summer,50,7.0,2.0,1.0,20.0,120277
Oxygen Gaming,Split 2,290,40.0,13.0,10.0,128.0,1060517
Oxygen Gaming,Split 3,279,38.0,8.0,8.0,98.0,864053
PRINCIPALITY,Split 2,131,16.0,5.0,1.0,37.0,548938
PSG Talon,Split 1,479,62.0,20.0,18.0,214.0,1865844
PSG Talon,Split 2,398,78.0,23.0,14.0,216.0,1883011
PSG Talon,Split 3,56,15.0,3.0,4.0,29.0,465247
PSG Talon Academy,Split 1,301,37.0,7.0,12.0,91.0,850114
PSG Talon Academy,Split 2,665,69.0,16.0,16.0,212.0,2023960
PSG Talon Academy,Split 3,101,13.0,3.0,1.0,29.0,356658
Papara SuperMassive,Spring,188,24.0,5.0,7.0,68.0,788261
Papara SuperMassive,Summer,175,24.0,6.0,6.0,62.0,626413
Papara SuperMassive,Winter,699,91.0,26.0,20.0,232.0,2284062
Papo Secos,Summer,25,3.0,1.0,0.0,8.0,105569
Paputs Gaming,Split 2,62,2.0,0.0,0.0,6.0,220297
Partizan Esports,Winter,191,21.0,8.0,4.0,64.0,558193
Partizan Sangal,Spring,558,83.0,16.0,15.0,211.0,1819919
Partizan Sangal,Summer,270,36.0,7.0,10.0,103.0,769707
Priority,Summer,165,21.0,5.0,5.0,49.0,651888
Project Conquerors,Spring,349,55.0,15.0,7.0,134.0,1321957
Project Conquerors,Summer,171,22.0,3.0,1.0,57.0,508555
Project Conquerors,Winter,561,75.0,23.0,12.0,210.0,1909857
Pulse Star,Split 1,237,32.0,6.0,10.0,72.0,1120191
PÊEK Gaming,Split 1,362,59.0,14.0,9.0,148.0,1479071
QT DIG∞,Ignite,143,22.0,1.0,3.0,57.0,451186
QT DIG∞,Storm,269,35.0,8.0,11.0,120.0,868380
RATZ,Split 1,257,44.0,12.0,9.0,108.0,1242337
RED Academy,Split 1,581,82.0,21.0,18.0,218.0,1744907
RED Academy,Split 2,170,25.0,7.0,7.0,71.0,563759
RED Canids,Split 1,129,26.0,3.0,3.0,51.0,540870
RED Canids,Split 2,300,53.0,13.0,10.0,136.0,1234626
RED Canids,Split 3,149,19.0,4.0,3.0,64.0,488791
REDPack Esports,Summer,53,6.0,1.0,1.0,13.0,217056
REJECT,Forge,238,29.0,7.0,10.0,98.0,580281
REJECT,Ignite,269,27.0,11.0,6.0,112.0,778892
REJECT,Storm,332,42.0,11.0,9.0,132.0,888470
ROSSMANN Centaurs,Finals,154,27.0,8.0,5.0,59.0,519175
ROSSMANN Centaurs,Spring,558,91.0,15.0,15.0,209.0,2021690
ROSSMANN Centaurs,Summer,257,35.0,8.0,6.0,104.0,931348
ROSSMANN Centaurs,Winter,136,24.0,4.0,4.0,67.0,639573
Rage Bait e-Sports,Summer,43,6.0,2.0,2.0,13.0,138132
Ramboot Club,Spring,244,34.0,4.0,7.0,73.0,866082
Ramboot Club,Summer,235,27.0,8.0,9.0,89.0,841812
Ramboot Club,Winter,227,39.0,7.0,9.0,96.0,891035
Rich Gang,Spring,65,8.0,0.0,0.0,17.0,343835
Rich Gang,Summer,175,24.0,7.0,8.0,76.0,542148
Rich Gang,Winter,219,38.0,8.0,7.0,105.0,853315
Rise Gaming,Split 1,265,51.0,11.0,9.0,114.0,1343862
Rise Gaming,Split 2,103,21.0,3.0,2.0,35.0,518867
Rogue,Spring,245,49.0,11.0,9.0,97.0,1185131
Rogue,Winter,89,19.0,5.0,3.0,42.0,563632
Royal Never Give Up,Split 1,129,0.0,6.0,2.0,57.0,675710
Royal Never Give Up,Split 2,146,0.0,3.0,4.0,53.0,725455
Royal Never Give Up,Split 2 Placements,98,0.0,2.0,1.0,29.0,446756
Ruddy Esports,Spring,310,38.0,9.0,8.0,112.0,1112390
Ruddy Esports,Summer,60,6.0,0.0,1.0,8.0,293432
Ruddy Esports,Winter,250,31.0,4.0,9.0,93.0,800792
SDM Tigres,Split 1,180,20.0,4.0,6.0,63.0,749603
SDM Tigres,Split 2,229,25.0,6.0,7.0,83.0,611493
SINS Esports,Winter,179,24.0,5.0,6.0,65.0,501567
SK Gaming,Spring,197,35.0,6.0,5.0,77.0,1056248
SK Gaming,Summer,36,7.0,0.0,1.0,10.0,221658
SK Gaming,Winter,59,13.0,1.0,4.0,36.0,448627
SN CyberCore Esports,Finals,20,2.0,1.0,2.0,4.0,107644
SN CyberCore Esports,Spring,121,15.0,3.0,3.0,31.0,434602
SN CyberCore Esports,Summer,274,29.0,7.0,6.0,81.0,997862
SPIKE Syndicate,Spring,447,48.0,17.0,16.0,169.0,1442040
SPIKE Syndicate,Summer,362,43.0,7.0,10.0,110.0,1038398
SPIKE Syndicate,Winter,169,23.0,8.0,4.0,64.0,575330
Saigon Dino,Finals,100,18.0,3.0,1.0,41.0,302394
Saigon Dino,Spring,337,48.0,12.0,12.0,111.0,1097061
Saigon Dino,Summer,434,62.0,15.0,14.0,151.0,1357149
Saigon Secret,Spring,288,35.0,8.0,8.0,112.0,978303
Saigon Secret,Summer,289,40.0,7.0,10.0,94.0,1055119
Senshi eSports,Spring,403,60.0,19.0,8.0,138.0,1373343
Senshi eSports,Summer,259,31.0,11.0,8.0,104.0,808963
Senshi eSports,Winter,46,9.0,1.0,0.0,11.0,242644
Seven Dark,Split 1,171,20.0,5.0,5.0,58.0,771584
Seven Dark,Split 2,87,12.0,3.0,1.0,27.0,373662
Shopify Rebellion,Split 1,58,7.0,2.0,3.0,31.0,366525
Shopify Rebellion,Split 2,387,74.0,17.0,17.0,155.0,1997220
Shopify Rebellion,Split 3,121,21.0,6.0,4.0,58.0,514957
Sicar Esports,Split 1,227,45.0,11.0,9.0,108.0,1046425
Sicar Esports,Split 2,157,23.0,8.0,5.0,77.0,521533
Silent Storm Esports,Spring,172,22.0,3.0,4.0,43.0,530442
Skillcamp,Spring,131,19.0,2.0,4.0,45.0,708518
Skillcamp,Summer,123,18.0,3.0,3.0,41.0,511659
Skillcamp,Winter,136,23.0,3.0,5.0,44.0,687295
Solary,Flash In,325,50.0,12.0,11.0,129.0,1360689
Solary,Spring,271,51.0,10.0,6.0,112.0,1191158
Solary,Summer,236,33.0,8.0,5.0,79.0,904379
Spirit Quartz Gaming,Forge,219,26.0,8.0,1.0,60.0,568239
Spirit Quartz Gaming,Storm,130,13.0,2.0,5.0,35.0,479721
Sportia Khore,Split 2,27,6.0,1.0,2.0,5.0,113116
Stellae Gaming,Split 1,513,72.0,28.0,17.0,254.0,2185088
Stellae Gaming,Split 2,95,13.0,5.0,5.0,40.0,491728
StormMedia Fajnie Mieć Skład,Spring,686,104.0,21.0,19.0,272.0,2318283
StormMedia Fajnie Mieć Skład,Summer,219,25.0,6.0,4.0,92.0,688821
Str1ve eSports,Winter,10,1.0,0.0,0.0,3.0,81818
Supernova,Split 1,266,26.0,7.0,8.0,100.0,1122210
Supernova,Split 2,174,36.0,8.0,7.0,96.0,773837
T1,Cup,317,40.0,16.0,7.0,138.0,1232686
T1,Rounds 1-2,825,116.0,35.0,18.0,337.0,3103279
T1,Rounds 3-5,339,49.0,10.0,15.0,137.0,1066134
T1 Esports Academy,Kickoff,510,75.0,25.0,17.0,247.0,2197562
T1 Esports Academy,Rounds 1-2,655,97.0,25.0,15.0,289.0,2742802
T1 Esports Academy,Rounds 3-5,410,49.0,14.0,12.0,157.0,1322923
T1 Esports Academy Rookies,Champ 1,1455,171.0,40.0,38.0,495.0,4012696
Tan'i eSports CZ,Spring,365,58.0,11.0,16.0,142.0,1567220
Tan'i eSports CZ,Summer,321,44.0,9.0,10.0,127.0,998161
Team BDS,Spring,303,49.0,14.0,12.0,125.0,1323528
Team BDS,Summer,53,5.0,3.0,1.0,20.0,243863
Team BDS,Winter,264,47.0,13.0,12.0,102.0,1099428
Team BDS Academy,Flash In,28,4.0,0.0,1.0,8.0,180476
Team BDS Academy,Spring,133,16.0,4.0,4.0,48.0,665746
Team BDS Academy,Summer,238,28.0,6.0,7.0,79.0,821474
Team Blaze 1,Split 2,10,1.0,0.0,0.0,0.0,73577
Team Evermeet,Split 1,173,26.0,5.0,6.0,53.0,744904
Team Evermeet,Split 2,157,18.0,1.0,6.0,56.0,507902
Team Flash,Spring,469,66.0,16.0,17.0,172.0,1636060
Team Flash,Summer,209,27.0,7.0,7.0,88.0,758183
Team Heretics,Spring,294,58.0,9.0,11.0,125.0,1503136
Team Heretics,Summer,39,10.0,2.0,1.0,17.0,257449
Team Heretics,Winter,134,22.0,5.0,7.0,56.0,788718
Team High Ground,Summer,23,6.0,2.0,2.0,14.0,117142
Team Insidious,Spring,448,65.0,12.0,16.0,147.0,1408737
Team Insidious,Summer,200,22.0,8.0,6.0,72.0,615612
Team Insidious,Winter,200,27.0,3.0,5.0,58.0,801354
Team Liquid,Split 1,137,24.0,6.0,4.0,51.0,497350
Team Liquid,Split 2,344,63.0,18.0,16.0,177.0,1583054
Team Liquid,Split 3,103,12.0,4.0,4.0,42.0,407447
Team Paradox,Spring,123,12.0,2.0,5.0,36.0,674935
Team Paradox,Summer,140,17.0,3.0,5.0,55.0,508542
Team Paradox,Winter,336,38.0,10.0,4.0,130.0,1024448
Team Phantasma,Spring,725,92.0,22.0,21.0,277.0,2184159
Team Phantasma,Summer,262,34.0,11.0,8.0,90.0,698034
Team Phantasma,Winter,673,92.0,25.0,19.0,270.0,2236424
Team Refuse,Winter,246,32.0,8.0,7.0,76.0,993373
Team Secret Whales,Split 1,259,47.0,7.0,11.0,112.0,1091609
Team Secret Whales,Split 2,331,61.0,7.0,15.0,120.0,1277988
Team Secret Whales,Split 3,76,12.0,3.0,1.0,39.0,383235
Team UNiTY,Spring,450,60.0,18.0,6.0,158.0,1587257
Team UNiTY,Summer,281,35.0,9.0,10.0,102.0,941945
Team Valiant,Spring,495,67.0,20.0,20.0,201.0,1618737
Team Valiant,Winter,367,49.0,10.0,13.0,141.0,1147990
Team Vitality,Spring,310,42.0,10.0,8.0,122.0,1264985
Team Vitality,Summer,11,1.0,0.0,0.0,3.0,93939
Team Vitality,Winter,207,33.0,8.0,6.0,89.0,910221
Team WE,Split 1,109,0.0,3.0,3.0,27.0,557454
Team WE,Split 2,978,0.0,36.0,24.0,342.0,3716608
Team WE,Split 2 Placements,145,0.0,5.0,7.0,66.0,749751
Team WE,Split 3,417,0.0,15.0,14.0,152.0,1741873
TeamOrangeGaming,Finals,61,7.0,1.0,1.0,11.0,209527
TeamOrangeGaming,Spring,393,49.0,15.0,16.0,161.0,1475516
TeamOrangeGaming,Summer,252,29.0,10.0,11.0,84.0,772387
TeamOrangeGaming,Winter,198,32.0,5.0,11.0,88.0,856210
Temper &amp; Friends,Split 3,62,10.0,0.0,2.0,26.0,181134
The Forbidden Five,Summer,92,12.0,0.0,2.0,15.0,466129
The Secret Club,Spring,43,2.0,0.0,0.0,3.0,171959
The Secret Club,Summer,70,5.0,1.0,1.0,23.0,210127
The Secret Club,Winter,152,23.0,2.0,4.0,39.0,499645
ThunderTalk Gaming,Split 1,310,0.0,13.0,15.0,124.0,1202870
ThunderTalk Gaming,Split 2,501,0.0,9.0,26.0,180.0,2461416
ThunderTalk Gaming,Split 2 Placements,76,0.0,3.0,3.0,36.0,343337
ThunderTalk Gaming,Split 3,276,0.0,10.0,11.0,104.0,1261353
Top Esports,Split 1,499,0.0,14.0,14.0,225.0,1918464
Top Esports,Split 2,933,0.0,40.0,24.0,395.0,3557007
Top Esports,Split 2 Placements,115,0.0,2.0,4.0,49.0,371077
Top Esports,Split 3,387,0.0,18.0,8.0,152.0,1436285
UCAM Esports,Spring,217,21.0,10.0,5.0,100.0,963064
UCAM Esports,Summer,269,42.0,7.0,11.0,101.0,898814
UCAM Esports,Winter,158,21.0,4.0,4.0,72.0,747186
ULF Esports,Spring,651,91.0,24.0,14.0,249.0,2263621
ULF Esports,Summer,167,24.0,6.0,6.0,72.0,611909
ULF Esports,Winter,133,18.0,4.0,8.0,48.0,751983
Ultra Prime,Split 1,150,0.0,9.0,7.0,56.0,719502
Ultra Prime,Split 2,169,0.0,7.0,7.0,68.0,807923
Ultra Prime,Split 2 Placements,185,0.0,10.0,9.0,75.0,841227
Ultra Prime,Split 3,268,0.0,8.0,13.0,108.0,1263310
Underworld Esports,Winter,214,39.0,12.0,9.0,97.0,922033
Unicorns of Love Sexy Edition,Finals,252,29.0,7.0,7.0,103.0,901985
Unicorns of Love Sexy Edition,Spring,308,43.0,14.0,9.0,137.0,1314171
Unicorns of Love Sexy Edition,Summer,142,23.0,6.0,3.0,66.0,565564
Unicorns of Love Sexy Edition,Winter,127,18.0,4.0,3.0,46.0,544488
Universae Instituto FP,Split 2,178,33.0,4.0,4.0,77.0,661069
Universae Instituto FP,Split 3,162,20.0,4.0,6.0,66.0,639091
V3 Esports,Forge,34,6.0,0.0,0.0,13.0,171970
VARREL YOUTH,Forge,191,24.0,7.0,8.0,80.0,745864
VARREL YOUTH,Ignite,147,14.0,4.0,7.0,48.0,450371
VARREL YOUTH,Storm,115,19.0,4.0,5.0,55.0,487072
Vancouver Impact,Split 2,75,12.0,3.0,5.0,25.0,457529
VeLocitY (Japanese Team),Forge,30,7.0,2.0,1.0,11.0,162688
VelbeliKaizokudan,Forge,40,9.0,1.0,0.0,15.0,224495
VelbeliKaizokudan,Ignite,44,3.0,0.0,1.0,13.0,285396
Veni Vidi Vici,Spring,228,38.0,6.0,7.0,101.0,863097
Veni Vidi Vici,Summer,234,37.0,9.0,4.0,79.0,817953
Veni Vidi Vici,Winter,280,51.0,12.0,6.0,122.0,1148294
Venomcrest Esports,Spring,194,26.0,5.0,4.0,67.0,717107
Venomcrest Esports,Summer,112,12.0,3.0,5.0,30.0,475908
Venomcrest Esports,Winter,126,17.0,3.0,5.0,43.0,523943
Venus Gaming,Summer,143,10.0,4.0,3.0,43.0,366362
Verdant,Spring,288,38.0,7.0,11.0,108.0,956832
Verdant,Summer,235,40.0,12.0,8.0,98.0,787009
Verdant,Winter,311,48.0,11.0,14.0,119.0,1170753
Vitality.Bee,Flash In,125,21.0,8.0,3.0,50.0,577545
Vitality.Bee,Spring,368,66.0,14.0,15.0,169.0,1609850
Vitality.Bee,Summer,302,46.0,19.0,8.0,132.0,1383635
Vivo Keyd Stars,Split 1,80,10.0,2.0,3.0,32.0,355376
Vivo Keyd Stars,Split 2,393,69.0,16.0,12.0,161.0,1645114
Vivo Keyd Stars,Split 3,130,15.0,6.0,3.0,50.0,474067
Vivo Keyd Stars Academy,Split 1,552,84.0,22.0,20.0,242.0,2022301
Vivo Keyd Stars Academy,Split 2,170,27.0,8.0,7.0,64.0,559947
Vortex (Japanese Team),Ignite,68,8.0,1.0,2.0,13.0,248004
WAP Esports,Split 1,413,65.0,17.0,12.0,172.0,1662145
WAP Esports,Split 2,25,5.0,0.0,0.0,7.0,224398
WLGaming Esports,Spring,263,33.0,7.0,7.0,80.0,886791
WLGaming Esports,Summer,78,5.0,1.0,1.0,21.0,277435
WLGaming Esports,Winter,337,42.0,8.0,10.0,125.0,1083681
We Can Win,Forge,59,9.0,2.0,3.0,24.0,258827
Weibo Gaming,Split 1,244,0.0,8.0,10.0,114.0,978632
Weibo Gaming,Split 2,867,0.0,28.0,32.0,325.0,3643519
Weibo Gaming,Split 2 Placements,79,0.0,4.0,3.0,46.0,344639
Weibo Gaming,Split 3,341,0.0,13.0,13.0,134.0,1489021
West Point Esports,Split 1,546,51.0,14.0,16.0,199.0,1624243
West Point Esports,Split 2,945,74.0,24.0,29.0,301.0,2398132
West Point Esports,Split 3,156,15.0,7.0,2.0,42.0,522208
White Dragons,Winter,136,14.0,3.0,5.0,44.0,373358
Winthrop University,Split 1,459,76.0,22.0,18.0,182.0,2011479
Winthrop University,Split 2,158,20.0,3.0,5.0,61.0,653282
Xibalbá Esports,Split 2,44,8.0,1.0,3.0,17.0,252834
Yang Yang Gaming,Forge,124,22.0,5.0,3.0,42.0,403232
Yang Yang Gaming,Ignite,170,20.0,8.0,5.0,49.0,519767
Yang Yang Gaming,Storm,215,21.0,8.0,5.0,61.0,643954
ZETA,Spring,126,19.0,3.0,3.0,41.0,493576
ZETA,Summer,89,19.0,0.0,4.0,39.0,484910
ZETA,Winter,53,8.0,0.0,2.0,12.0,361658
Zena Esports,Spring,339,47.0,10.0,7.0,117.0,1212094
Zena Esports,Summer,221,27.0,8.0,7.0,74.0,684418
Zena Esports,Winter,53,10.0,0.0,4.0,23.0,302634
ZennIT,Spring,519,75.0,16.0,13.0,220.0,1715956
ZennIT,Summer,250,32.0,9.0,7.0,90.0,658017
ZennIT,Winter,393,55.0,14.0,11.0,153.0,1497804
Zerance,Spring,254,41.0,8.0,9.0,97.0,1065933
Zerance,Summer,108,12.0,4.0,4.0,31.0,469934
Zerance,Winter,190,26.0,2.0,7.0,65.0,758663
Zero Tenacity,Spring,787,74.0,27.0,27.0,293.0,2404336
Zero Tenacity,Summer,196,19.0,8.0,7.0,82.0,623968
Zero Tenacity,Winter,527,40.0,10.0,18.0,205.0,1649273
ZeroZone Gaming,Spring,71,4.0,0.0,1.0,15.0,349194
ZeroZone Gaming,Summer,21,4.0,0.0,0.0,7.0,115968
ZeroZone Gaming,Winter,35,5.0,3.0,0.0,15.0,150211
Zerolag Esports,Spring,207,39.0,8.0,4.0,69.0,860413
Zerolag Esports,Summer,25,5.0,0.0,1.0,3.0,138417
Zerolag Esports,Winter,356,47.0,8.0,10.0,102.0,1140575
Zeu5 Esports,Split 1,473,61.0,10.0,11.0,195.0,1529437
Zeu5 Esports,Split 2,134,22.0,4.0,1.0,48.0,575282
aNc Legends,Spring,108,15.0,4.0,4.0,32.0,552948
aNc Legends,Summer,221,30.0,7.0,6.0,78.0,791647
devils.one,Winter,206,27.0,6.0,8.0,63.0,853899
e-Champ Gaming,Split 2,141,19.0,4.0,2.0,47.0,540132
eQuizers,Split 2,271,46.0,17.0,8.0,122.0,1092687
eSuba,Spring,750,91.0,18.0,31.0,263.0,2571876
eSuba,Summer,290,39.0,8.0,13.0,116.0,832189
evil genius (RTV Team),Summer,142,15.0,2.0,5.0,31.0,405419
inf,Split 1,541,73.0,17.0,19.0,201.0,1773578
mCon esports,Spring,495,64.0,17.0,13.0,189.0,1578605
mCon esports,Summer,251,30.0,7.0,8.0,85.0,682022
mCon esports,Winter,325,56.0,13.0,12.0,147.0,1112956
paiN Gaming,Split 1,144,29.0,11.0,5.0,69.0,672946
paiN Gaming,Split 2,474,84.0,21.0,12.0,198.0,1835972
paiN Gaming,Split 3,92,17.0,4.0,3.0,43.0,433210
wangting,Split 2,882,78.0,16.0,21.0,211.0,2262268
wangting,Split 3,11,1.0,0.0,0.0,1.0,53020
ΣΤΕΝΑΧΩΡΕΜΕΝΟΙ,Winter,51,8.0,1.0,0.0,15.0,223911
